customer_id,full_name,phone,city,registered_at,status
1,Customer 00001,+447700000001,Sheffield,2025-04-23,active
2,Customer 00002,+447700000002,London,2025-04-28,active
3,Customer 00003,+447700000003,Bristol,2025-07-25,active
4,Customer 00004,+447700000004,Manchester,2025-04-19,active
5,Customer 00005,+447700000005,Leeds,2025-12-02,blocked
6,Customer 00006,+447700000006,Liverpool,2025-11-26,blocked
7,Customer 00007,+447700000007,Birmingham,2025-05-16,active
8,Customer 00008,+447700000008,Leeds,2026-01-17,active
9,Customer 00009,+447700000009,Cardiff,2025-08-08,blocked
10,Customer 00010,+447700000010,Bristol,2025-04-23,active
11,Customer 00011,+447700000011,Sheffield,2025-09-10,active
12,Customer 00012,+447700000012,London,2025-02-26,active
13,Customer 00013,+447700000013,Birmingham,2025-12-15,blocked
14,Customer 00014,+447700000014,Cardiff,2025-02-02,blocked
15,Customer 00015,+447700000015,Liverpool,2025-11-02,blocked
16,Customer 00016,+447700000016,Sheffield,2025-05-09,active
17,Customer 00017,+447700000017,Manchester,2025-12-16,active
18,Customer 00018,+447700000018,Bristol,2025-02-27,active
19,Customer 00019,+447700000019,Liverpool,2025-03-22,blocked
20,Customer 00020,+447700000020,London,2026-01-05,active
21,Customer 00021,+447700000021,Sheffield,2026-01-26,active
22,Customer 00022,+447700000022,Sheffield,2025-02-24,active
23,Customer 00023,+447700000023,Sheffield,2025-11-08,active
24,Customer 00024,+447700000024,Birmingham,2025-07-11,active
25,Customer 00025,+447700000025,Sheffield,2026-02-03,active
26,Customer 00026,+447700000026,Cardiff,2025-06-15,blocked
27,Customer 00027,+447700000027,London,2025-02-27,active
28,Customer 00028,+447700000028,Glasgow,2025-05-03,active
29,Customer 00029,+447700000029,Leeds,2025-10-18,active
30,Customer 00030,+447700000030,Manchester,2026-01-10,blocked
31,Customer 00031,+447700000031,Manchester,2026-01-25,active
32,Customer 00032,+447700000032,Birmingham,2025-12-04,blocked
33,Customer 00033,+447700000033,Sheffield,2025-03-26,active
34,Customer 00034,+447700000034,Sheffield,2025-11-07,blocked
35,Customer 00035,+447700000035,Leeds,2025-10-04,active
36,Customer 00036,+447700000036,Glasgow,2025-07-24,active
37,Customer 00037,+447700000037,Edinburgh,2025-09-22,blocked
38,Customer 00038,+447700000038,Manchester,2025-05-07,active
39,Customer 00039,+447700000039,Manchester,2025-06-23,active
40,Customer 00040,+447700000040,Cardiff,2025-10-11,active
41,Customer 00041,+447700000041,Cardiff,2025-04-23,active
42,Customer 00042,+447700000042,Manchester,2025-12-29,active
43,Customer 00043,+447700000043,Leeds,2025-02-04,active
44,Customer 00044,+447700000044,Bristol,2025-02-06,active
45,Customer 00045,+447700000045,Glasgow,2025-12-09,blocked
46,Customer 00046,+447700000046,Leeds,2025-10-04,active
47,Customer 00047,+447700000047,Cardiff,2025-10-23,blocked
48,Customer 00048,+447700000048,Leeds,2025-08-31,blocked
49,Customer 00049,+447700000049,Leeds,2025-02-18,active
50,Customer 00050,+447700000050,Liverpool,2025-07-01,blocked
51,Customer 00051,+447700000051,Liverpool,2025-08-28,active
52,Customer 00052,+447700000052,Manchester,2025-02-01,blocked
53,Customer 00053,+447700000053,Bristol,2025-02-25,active
54,Customer 00054,+447700000054,Leeds,2025-04-08,blocked
55,Customer 00055,+447700000055,Birmingham,2025-08-05,active
56,Customer 00056,+447700000056,Glasgow,2025-08-25,active
57,Customer 00057,+447700000057,Manchester,2025-08-15,active
58,Customer 00058,+447700000058,London,2025-11-30,active
59,Customer 00059,+447700000059,Manchester,2026-01-21,active
60,Customer 00060,+447700000060,Birmingham,2025-07-28,blocked
61,Customer 00061,+447700000061,Edinburgh,2025-04-20,blocked
62,Customer 00062,+447700000062,London,2025-03-26,blocked
63,Customer 00063,+447700000063,London,2025-07-19,active
64,Customer 00064,+447700000064,Edinburgh,2025-05-27,blocked
65,Customer 00065,+447700000065,Sheffield,2025-12-05,blocked
66,Customer 00066,+447700000066,Birmingham,2025-04-08,active
67,Customer 00067,+447700000067,Leeds,2025-01-30,active
68,Customer 00068,+447700000068,Bristol,2025-01-30,active
69,Customer 00069,+447700000069,Cardiff,2025-09-02,active
70,Customer 00070,+447700000070,London,2025-09-18,active
71,Customer 00071,+447700000071,Birmingham,2025-02-05,active
72,Customer 00072,+447700000072,Leeds,2025-07-26,active
73,Customer 00073,+447700000073,Cardiff,2025-05-07,active
74,Customer 00074,+447700000074,Cardiff,2025-02-11,blocked
75,Customer 00075,+447700000075,Cardiff,2025-10-17,active
76,Customer 00076,+447700000076,Glasgow,2025-04-15,active
77,Customer 00077,+447700000077,Leeds,2025-05-16,blocked
78,Customer 00078,+447700000078,Birmingham,2025-12-10,active
79,Customer 00079,+447700000079,Edinburgh,2025-06-11,active
80,Customer 00080,+447700000080,London,2025-08-23,active
81,Customer 00081,+447700000081,Manchester,2025-10-03,active
82,Customer 00082,+447700000082,Sheffield,2025-05-16,active
83,Customer 00083,+447700000083,Bristol,2025-02-05,active
84,Customer 00084,+447700000084,Bristol,2025-05-26,active
85,Customer 00085,+447700000085,Edinburgh,2025-10-06,active
86,Customer 00086,+447700000086,Cardiff,2025-12-01,active
87,Customer 00087,+447700000087,Sheffield,2025-06-03,active
88,Customer 00088,+447700000088,Birmingham,2025-05-16,active
89,Customer 00089,+447700000089,Manchester,2026-01-16,active
90,Customer 00090,+447700000090,Glasgow,2025-05-25,active
91,Customer 00091,+447700000091,Bristol,2025-04-15,active
92,Customer 00092,+447700000092,Sheffield,2025-09-08,active
93,Customer 00093,+447700000093,London,2025-02-17,blocked
94,Customer 00094,+447700000094,Glasgow,2025-01-23,active
95,Customer 00095,+447700000095,Bristol,2026-01-30,active
96,Customer 00096,+447700000096,Glasgow,2025-03-24,blocked
97,Customer 00097,+447700000097,Sheffield,2025-12-28,blocked
98,Customer 00098,+447700000098,Sheffield,2025-01-05,active
99,Customer 00099,+447700000099,Manchester,2025-12-20,active
100,Customer 00100,+447700000100,Sheffield,2025-01-19,active
101,Customer 00101,+447700000101,Cardiff,2025-10-10,active
102,Customer 00102,+447700000102,Liverpool,2025-03-07,active
103,Customer 00103,+447700000103,Glasgow,2025-07-06,active
104,Customer 00104,+447700000104,Bristol,2025-04-18,active
105,Customer 00105,+447700000105,Manchester,2025-07-01,blocked
106,Customer 00106,+447700000106,Cardiff,2026-01-19,active
107,Customer 00107,+447700000107,Leeds,2025-03-25,active
108,Customer 00108,+447700000108,Liverpool,2025-01-13,active
109,Customer 00109,+447700000109,Bristol,2026-02-05,blocked
110,Customer 00110,+447700000110,Leeds,2025-05-17,active
111,Customer 00111,+447700000111,Manchester,2025-07-15,active
112,Customer 00112,+447700000112,Edinburgh,2025-04-24,active
113,Customer 00113,+447700000113,Edinburgh,2025-06-29,active
114,Customer 00114,+447700000114,Leeds,2025-04-25,active
115,Customer 00115,+447700000115,Leeds,2025-07-24,active
116,Customer 00116,+447700000116,Glasgow,2025-02-05,active
117,Customer 00117,+447700000117,Bristol,2025-11-25,blocked
118,Customer 00118,+447700000118,Sheffield,2025-06-19,active
119,Customer 00119,+447700000119,Manchester,2025-05-14,active
120,Customer 00120,+447700000120,Cardiff,2025-05-16,active
121,Customer 00121,+447700000121,Manchester,2025-11-02,blocked
122,Customer 00122,+447700000122,Bristol,2026-01-09,active
123,Customer 00123,+447700000123,Liverpool,2025-11-07,active
124,Customer 00124,+447700000124,Liverpool,2025-10-23,active
125,Customer 00125,+447700000125,Glasgow,2025-01-23,blocked
126,Customer 00126,+447700000126,London,2025-09-24,active
127,Customer 00127,+447700000127,Bristol,2025-08-09,active
128,Customer 00128,+447700000128,Bristol,2025-11-16,active
129,Customer 00129,+447700000129,Manchester,2026-01-04,active
130,Customer 00130,+447700000130,Sheffield,2025-06-08,blocked
131,Customer 00131,+447700000131,Bristol,2025-07-26,active
132,Customer 00132,+447700000132,Sheffield,2025-03-07,active
133,Customer 00133,+447700000133,Liverpool,2025-12-07,blocked
134,Customer 00134,+447700000134,Birmingham,2025-11-12,active
135,Customer 00135,+447700000135,Liverpool,2025-10-08,active
136,Customer 00136,+447700000136,Glasgow,2025-05-27,active
137,Customer 00137,+447700000137,Liverpool,2025-10-24,active
138,Customer 00138,+447700000138,Edinburgh,2025-08-15,blocked
139,Customer 00139,+447700000139,Leeds,2025-09-19,blocked
140,Customer 00140,+447700000140,Birmingham,2025-12-04,active
141,Customer 00141,+447700000141,Glasgow,2025-09-21,active
142,Customer 00142,+447700000142,Manchester,2026-01-20,active
143,Customer 00143,+447700000143,Glasgow,2025-04-26,active
144,Customer 00144,+447700000144,Birmingham,2025-01-13,active
145,Customer 00145,+447700000145,Leeds,2025-09-01,active
146,Customer 00146,+447700000146,Edinburgh,2025-08-01,active
147,Customer 00147,+447700000147,Liverpool,2025-09-11,blocked
148,Customer 00148,+447700000148,Leeds,2025-03-17,active
149,Customer 00149,+447700000149,Manchester,2026-02-03,blocked
150,Customer 00150,+447700000150,Leeds,2025-04-01,blocked
151,Customer 00151,+447700000151,London,2025-10-13,active
152,Customer 00152,+447700000152,Manchester,2025-08-22,active
153,Customer 00153,+447700000153,Edinburgh,2025-12-08,active
154,Customer 00154,+447700000154,Edinburgh,2025-11-10,blocked
155,Customer 00155,+447700000155,Sheffield,2025-08-17,active
156,Customer 00156,+447700000156,Edinburgh,2025-08-19,active
157,Customer 00157,+447700000157,Leeds,2025-11-23,active
158,Customer 00158,+447700000158,Sheffield,2025-09-06,active
159,Customer 00159,+447700000159,Glasgow,2025-08-14,active
160,Customer 00160,+447700000160,Glasgow,2025-05-01,active
161,Customer 00161,+447700000161,Bristol,2025-06-13,active
162,Customer 00162,+447700000162,Birmingham,2025-03-19,active
163,Customer 00163,+447700000163,Liverpool,2025-12-22,active
164,Customer 00164,+447700000164,Leeds,2025-02-02,blocked
165,Customer 00165,+447700000165,Liverpool,2025-06-19,blocked
166,Customer 00166,+447700000166,Liverpool,2025-02-01,active
167,Customer 00167,+447700000167,Liverpool,2025-07-19,active
168,Customer 00168,+447700000168,Cardiff,2025-07-14,blocked
169,Customer 00169,+447700000169,London,2025-06-30,active
170,Customer 00170,+447700000170,Liverpool,2025-08-03,active
171,Customer 00171,+447700000171,Edinburgh,2025-04-23,active
172,Customer 00172,+447700000172,Liverpool,2025-09-06,active
173,Customer 00173,+447700000173,Liverpool,2025-06-22,blocked
174,Customer 00174,+447700000174,Birmingham,2025-08-28,active
175,Customer 00175,+447700000175,Cardiff,2025-10-01,active
176,Customer 00176,+447700000176,Liverpool,2025-10-31,active
177,Customer 00177,+447700000177,Manchester,2025-11-26,blocked
178,Customer 00178,+447700000178,Birmingham,2025-08-25,active
179,Customer 00179,+447700000179,London,2025-05-14,blocked
180,Customer 00180,+447700000180,Bristol,2025-04-19,blocked
181,Customer 00181,+447700000181,Bristol,2025-06-22,blocked
182,Customer 00182,+447700000182,Glasgow,2026-01-21,blocked
183,Customer 00183,+447700000183,Glasgow,2025-02-11,blocked
184,Customer 00184,+447700000184,London,2026-01-19,active
185,Customer 00185,+447700000185,Bristol,2025-04-25,active
186,Customer 00186,+447700000186,London,2026-01-22,active
187,Customer 00187,+447700000187,Leeds,2025-04-13,active
188,Customer 00188,+447700000188,Cardiff,2025-03-20,active
189,Customer 00189,+447700000189,Birmingham,2025-08-31,active
190,Customer 00190,+447700000190,Cardiff,2025-04-22,blocked
191,Customer 00191,+447700000191,Glasgow,2026-01-28,active
192,Customer 00192,+447700000192,Birmingham,2025-11-07,active
193,Customer 00193,+447700000193,Birmingham,2025-06-09,active
194,Customer 00194,+447700000194,Cardiff,2025-01-14,active
195,Customer 00195,+447700000195,Cardiff,2025-12-13,blocked
196,Customer 00196,+447700000196,Liverpool,2026-01-02,active
197,Customer 00197,+447700000197,Manchester,2025-10-31,active
198,Customer 00198,+447700000198,Manchester,2025-12-23,active
199,Customer 00199,+447700000199,Cardiff,2025-03-03,active
200,Customer 00200,+447700000200,Bristol,2025-09-30,blocked
201,Customer 00201,+447700000201,Bristol,2025-02-05,active
202,Customer 00202,+447700000202,London,2025-08-04,blocked
203,Customer 00203,+447700000203,Manchester,2025-08-10,active
204,Customer 00204,+447700000204,Edinburgh,2025-12-29,active
205,Customer 00205,+447700000205,Liverpool,2025-04-01,active
206,Customer 00206,+447700000206,Cardiff,2025-10-03,blocked
207,Customer 00207,+447700000207,Edinburgh,2025-08-12,active
208,Customer 00208,+447700000208,Bristol,2025-05-06,active
209,Customer 00209,+447700000209,Glasgow,2025-08-19,active
210,Customer 00210,+447700000210,Edinburgh,2025-10-19,blocked
211,Customer 00211,+447700000211,Bristol,2025-01-15,blocked
212,Customer 00212,+447700000212,Bristol,2025-04-04,blocked
213,Customer 00213,+447700000213,Leeds,2025-07-01,active
214,Customer 00214,+447700000214,Bristol,2025-05-24,active
215,Customer 00215,+447700000215,Sheffield,2025-01-06,active
216,Customer 00216,+447700000216,Manchester,2025-05-04,blocked
217,Customer 00217,+447700000217,Edinburgh,2025-10-12,active
218,Customer 00218,+447700000218,Edinburgh,2025-11-27,blocked
219,Customer 00219,+447700000219,Edinburgh,2025-01-09,active
220,Customer 00220,+447700000220,Glasgow,2025-04-24,blocked
221,Customer 00221,+447700000221,Leeds,2025-06-06,active
222,Customer 00222,+447700000222,Edinburgh,2025-10-11,active
223,Customer 00223,+447700000223,Liverpool,2026-01-17,active
224,Customer 00224,+447700000224,Bristol,2025-12-26,blocked
225,Customer 00225,+447700000225,Glasgow,2025-06-06,active
226,Customer 00226,+447700000226,Leeds,2025-03-03,active
227,Customer 00227,+447700000227,Bristol,2025-03-03,active
228,Customer 00228,+447700000228,Leeds,2025-04-21,blocked
229,Customer 00229,+447700000229,Glasgow,2026-01-06,active
230,Customer 00230,+447700000230,Manchester,2025-04-10,active
231,Customer 00231,+447700000231,Leeds,2025-07-04,active
232,Customer 00232,+447700000232,Glasgow,2025-01-08,active
233,Customer 00233,+447700000233,Glasgow,2025-01-24,active
234,Customer 00234,+447700000234,Sheffield,2025-05-30,active
235,Customer 00235,+447700000235,Edinburgh,2025-02-22,active
236,Customer 00236,+447700000236,Cardiff,2025-05-26,blocked
237,Customer 00237,+447700000237,Edinburgh,2025-08-14,active
238,Customer 00238,+447700000238,Birmingham,2025-01-27,active
239,Customer 00239,+447700000239,Edinburgh,2025-02-28,active
240,Customer 00240,+447700000240,Liverpool,2025-09-09,active
241,Customer 00241,+447700000241,Cardiff,2025-11-19,active
242,Customer 00242,+447700000242,Birmingham,2025-03-18,active
243,Customer 00243,+447700000243,Manchester,2025-05-08,active
244,Customer 00244,+447700000244,Sheffield,2026-01-27,blocked
245,Customer 00245,+447700000245,Cardiff,2025-11-02,active
246,Customer 00246,+447700000246,Sheffield,2025-07-14,blocked
247,Customer 00247,+447700000247,Edinburgh,2025-06-02,blocked
248,Customer 00248,+447700000248,Glasgow,2025-10-19,active
249,Customer 00249,+447700000249,Cardiff,2026-01-14,active
250,Customer 00250,+447700000250,Leeds,2025-11-17,active
251,Customer 00251,+447700000251,Glasgow,2025-12-05,active
252,Customer 00252,+447700000252,Birmingham,2025-05-03,active
253,Customer 00253,+447700000253,Sheffield,2025-02-08,active
254,Customer 00254,+447700000254,London,2025-07-29,blocked
255,Customer 00255,+447700000255,Cardiff,2025-08-29,active
256,Customer 00256,+447700000256,London,2025-04-29,active
257,Customer 00257,+447700000257,Glasgow,2025-12-26,blocked
258,Customer 00258,+447700000258,Manchester,2025-12-18,active
259,Customer 00259,+447700000259,Glasgow,2025-11-17,active
260,Customer 00260,+447700000260,Liverpool,2025-02-28,active
261,Customer 00261,+447700000261,Birmingham,2025-05-17,active
262,Customer 00262,+447700000262,Manchester,2025-01-31,active
263,Customer 00263,+447700000263,Glasgow,2025-11-01,active
264,Customer 00264,+447700000264,Edinburgh,2025-03-05,blocked
265,Customer 00265,+447700000265,Glasgow,2025-12-25,blocked
266,Customer 00266,+447700000266,Glasgow,2025-09-14,blocked
267,Customer 00267,+447700000267,Edinburgh,2025-02-11,active
268,Customer 00268,+447700000268,Liverpool,2026-01-12,active
269,Customer 00269,+447700000269,Cardiff,2025-05-09,active
270,Customer 00270,+447700000270,Manchester,2025-04-28,active
271,Customer 00271,+447700000271,Glasgow,2025-10-23,active
272,Customer 00272,+447700000272,Birmingham,2025-08-29,blocked
273,Customer 00273,+447700000273,Glasgow,2025-04-03,blocked
274,Customer 00274,+447700000274,Edinburgh,2025-02-16,blocked
275,Customer 00275,+447700000275,Bristol,2025-07-29,active
276,Customer 00276,+447700000276,Bristol,2025-12-10,active
277,Customer 00277,+447700000277,Birmingham,2025-06-18,blocked
278,Customer 00278,+447700000278,Edinburgh,2025-05-28,blocked
279,Customer 00279,+447700000279,Sheffield,2025-01-19,blocked
280,Customer 00280,+447700000280,Manchester,2025-06-11,active
281,Customer 00281,+447700000281,Bristol,2025-03-01,blocked
282,Customer 00282,+447700000282,Sheffield,2025-01-01,blocked
283,Customer 00283,+447700000283,Liverpool,2025-01-28,active
284,Customer 00284,+447700000284,Sheffield,2025-07-05,blocked
285,Customer 00285,+447700000285,Edinburgh,2026-01-25,active
286,Customer 00286,+447700000286,Leeds,2025-05-17,active
287,Customer 00287,+447700000287,Glasgow,2025-08-13,blocked
288,Customer 00288,+447700000288,Manchester,2025-01-15,active
289,Customer 00289,+447700000289,Birmingham,2025-06-09,active
290,Customer 00290,+447700000290,Sheffield,2025-07-28,active
291,Customer 00291,+447700000291,Leeds,2025-02-28,blocked
292,Customer 00292,+447700000292,Manchester,2025-11-28,active
293,Customer 00293,+447700000293,Edinburgh,2026-01-02,active
294,Customer 00294,+447700000294,Sheffield,2025-12-28,active
295,Customer 00295,+447700000295,Liverpool,2025-09-05,blocked
296,Customer 00296,+447700000296,Leeds,2025-08-22,active
297,Customer 00297,+447700000297,Liverpool,2025-04-08,active
298,Customer 00298,+447700000298,Manchester,2025-05-22,blocked
299,Customer 00299,+447700000299,Bristol,2025-09-17,active
300,Customer 00300,+447700000300,London,2025-05-25,active
301,Customer 00301,+447700000301,Cardiff,2025-10-24,blocked
302,Customer 00302,+447700000302,Birmingham,2025-08-17,blocked
303,Customer 00303,+447700000303,Bristol,2025-06-20,blocked
304,Customer 00304,+447700000304,Edinburgh,2025-06-14,active
305,Customer 00305,+447700000305,Leeds,2025-10-20,blocked
306,Customer 00306,+447700000306,Leeds,2026-02-02,blocked
307,Customer 00307,+447700000307,London,2025-06-12,blocked
308,Customer 00308,+447700000308,Liverpool,2025-07-17,active
309,Customer 00309,+447700000309,Edinburgh,2025-01-19,active
310,Customer 00310,+447700000310,Sheffield,2025-10-30,active
311,Customer 00311,+447700000311,Manchester,2025-08-14,active
312,Customer 00312,+447700000312,Sheffield,2025-08-22,active
313,Customer 00313,+447700000313,Birmingham,2025-07-29,active
314,Customer 00314,+447700000314,Manchester,2025-08-29,active
315,Customer 00315,+447700000315,Bristol,2025-11-16,blocked
316,Customer 00316,+447700000316,Manchester,2025-06-18,blocked
317,Customer 00317,+447700000317,Bristol,2025-11-17,blocked
318,Customer 00318,+447700000318,Sheffield,2025-01-19,active
319,Customer 00319,+447700000319,Leeds,2025-11-20,active
320,Customer 00320,+447700000320,Leeds,2026-01-18,active
321,Customer 00321,+447700000321,Liverpool,2025-02-20,active
322,Customer 00322,+447700000322,Edinburgh,2025-03-27,active
323,Customer 00323,+447700000323,London,2025-01-24,active
324,Customer 00324,+447700000324,London,2025-05-31,active
325,Customer 00325,+447700000325,Bristol,2025-08-09,active
326,Customer 00326,+447700000326,Leeds,2025-09-29,blocked
327,Customer 00327,+447700000327,Cardiff,2025-12-16,active
328,Customer 00328,+447700000328,Birmingham,2025-03-31,active
329,Customer 00329,+447700000329,Cardiff,2025-07-15,active
330,Customer 00330,+447700000330,Edinburgh,2025-10-26,active
331,Customer 00331,+447700000331,Leeds,2025-08-25,active
332,Customer 00332,+447700000332,Edinburgh,2025-05-11,active
333,Customer 00333,+447700000333,Edinburgh,2025-05-28,active
334,Customer 00334,+447700000334,Manchester,2025-08-15,active
335,Customer 00335,+447700000335,Cardiff,2025-06-03,blocked
336,Customer 00336,+447700000336,Glasgow,2025-08-22,active
337,Customer 00337,+447700000337,Leeds,2025-07-16,blocked
338,Customer 00338,+447700000338,Manchester,2025-05-02,blocked
339,Customer 00339,+447700000339,Cardiff,2025-07-03,active
340,Customer 00340,+447700000340,Glasgow,2025-01-12,blocked
341,Customer 00341,+447700000341,Glasgow,2025-01-05,active
342,Customer 00342,+447700000342,Cardiff,2026-01-17,blocked
343,Customer 00343,+447700000343,Glasgow,2026-02-02,active
344,Customer 00344,+447700000344,Cardiff,2025-06-30,active
345,Customer 00345,+447700000345,Leeds,2025-11-14,active
346,Customer 00346,+447700000346,Birmingham,2025-11-18,active
347,Customer 00347,+447700000347,London,2025-06-08,blocked
348,Customer 00348,+447700000348,London,2025-10-24,active
349,Customer 00349,+447700000349,Birmingham,2025-02-16,active
350,Customer 00350,+447700000350,Bristol,2026-01-18,blocked
351,Customer 00351,+447700000351,Birmingham,2025-04-13,active
352,Customer 00352,+447700000352,Sheffield,2025-07-07,active
353,Customer 00353,+447700000353,Birmingham,2025-05-12,blocked
354,Customer 00354,+447700000354,Glasgow,2026-01-18,active
355,Customer 00355,+447700000355,Manchester,2025-08-28,active
356,Customer 00356,+447700000356,Birmingham,2026-01-22,active
357,Customer 00357,+447700000357,Liverpool,2025-10-13,active
358,Customer 00358,+447700000358,Manchester,2025-07-22,active
359,Customer 00359,+447700000359,Glasgow,2025-10-02,active
360,Customer 00360,+447700000360,Edinburgh,2025-07-08,active
361,Customer 00361,+447700000361,Cardiff,2025-07-15,active
362,Customer 00362,+447700000362,Manchester,2025-12-12,active
363,Customer 00363,+447700000363,Edinburgh,2025-01-13,active
364,Customer 00364,+447700000364,Cardiff,2025-04-24,active
365,Customer 00365,+447700000365,Edinburgh,2025-12-25,active
366,Customer 00366,+447700000366,Liverpool,2025-03-01,active
367,Customer 00367,+447700000367,London,2025-01-20,active
368,Customer 00368,+447700000368,Edinburgh,2025-03-01,active
369,Customer 00369,+447700000369,Leeds,2025-10-03,active
370,Customer 00370,+447700000370,Liverpool,2025-08-21,active
371,Customer 00371,+447700000371,Sheffield,2025-08-03,active
372,Customer 00372,+447700000372,Liverpool,2025-12-02,active
373,Customer 00373,+447700000373,Edinburgh,2025-11-12,blocked
374,Customer 00374,+447700000374,Glasgow,2025-01-17,active
375,Customer 00375,+447700000375,Leeds,2025-08-16,blocked
376,Customer 00376,+447700000376,Leeds,2025-07-05,active
377,Customer 00377,+447700000377,Bristol,2025-10-06,active
378,Customer 00378,+447700000378,London,2025-07-23,active
379,Customer 00379,+447700000379,Leeds,2025-03-04,blocked
380,Customer 00380,+447700000380,Manchester,2025-12-06,active
381,Customer 00381,+447700000381,Cardiff,2025-01-11,active
382,Customer 00382,+447700000382,Bristol,2025-05-05,active
383,Customer 00383,+447700000383,Cardiff,2025-04-16,active
384,Customer 00384,+447700000384,Sheffield,2025-04-17,active
385,Customer 00385,+447700000385,Leeds,2025-06-18,active
386,Customer 00386,+447700000386,Cardiff,2025-01-02,active
387,Customer 00387,+447700000387,Birmingham,2025-03-08,active
388,Customer 00388,+447700000388,Birmingham,2025-02-26,active
389,Customer 00389,+447700000389,Birmingham,2025-01-08,active
390,Customer 00390,+447700000390,Leeds,2025-10-29,active
391,Customer 00391,+447700000391,London,2025-03-31,active
392,Customer 00392,+447700000392,London,2025-03-06,blocked
393,Customer 00393,+447700000393,Sheffield,2025-02-28,active
394,Customer 00394,+447700000394,Edinburgh,2025-08-18,active
395,Customer 00395,+447700000395,Sheffield,2025-10-31,active
396,Customer 00396,+447700000396,Edinburgh,2025-09-15,active
397,Customer 00397,+447700000397,Cardiff,2025-01-23,active
398,Customer 00398,+447700000398,Edinburgh,2025-11-26,active
399,Customer 00399,+447700000399,London,2025-09-03,blocked
400,Customer 00400,+447700000400,Liverpool,2025-12-18,active
401,Customer 00401,+447700000401,Edinburgh,2025-12-31,blocked
402,Customer 00402,+447700000402,Manchester,2025-02-11,active
403,Customer 00403,+447700000403,Cardiff,2025-03-17,active
404,Customer 00404,+447700000404,Birmingham,2025-05-21,active
405,Customer 00405,+447700000405,Liverpool,2025-11-02,active
406,Customer 00406,+447700000406,Edinburgh,2025-09-16,blocked
407,Customer 00407,+447700000407,Manchester,2025-12-26,active
408,Customer 00408,+447700000408,Sheffield,2026-01-05,active
409,Customer 00409,+447700000409,Liverpool,2025-08-20,active
410,Customer 00410,+447700000410,Liverpool,2025-06-23,blocked
411,Customer 00411,+447700000411,Liverpool,2025-08-01,active
412,Customer 00412,+447700000412,Bristol,2025-08-07,active
413,Customer 00413,+447700000413,Glasgow,2025-07-11,active
414,Customer 00414,+447700000414,Edinburgh,2025-02-04,active
415,Customer 00415,+447700000415,Manchester,2025-02-17,blocked
416,Customer 00416,+447700000416,Manchester,2026-01-17,active
417,Customer 00417,+447700000417,Birmingham,2025-10-12,active
418,Customer 00418,+447700000418,Cardiff,2025-10-15,active
419,Customer 00419,+447700000419,Manchester,2025-07-30,active
420,Customer 00420,+447700000420,Liverpool,2026-01-05,active
421,Customer 00421,+447700000421,Glasgow,2025-11-04,active
422,Customer 00422,+447700000422,Bristol,2025-02-23,active
423,Customer 00423,+447700000423,Birmingham,2025-12-03,blocked
424,Customer 00424,+447700000424,Leeds,2025-02-25,active
425,Customer 00425,+447700000425,Sheffield,2025-07-08,active
426,Customer 00426,+447700000426,Glasgow,2025-10-21,active
427,Customer 00427,+447700000427,Liverpool,2025-10-15,active
428,Customer 00428,+447700000428,Cardiff,2025-12-03,active
429,Customer 00429,+447700000429,London,2025-04-03,active
430,Customer 00430,+447700000430,Glasgow,2025-06-23,active
431,Customer 00431,+447700000431,London,2025-04-03,active
432,Customer 00432,+447700000432,Cardiff,2025-12-03,blocked
433,Customer 00433,+447700000433,Manchester,2025-03-14,active
434,Customer 00434,+447700000434,Manchester,2026-01-18,active
435,Customer 00435,+447700000435,Liverpool,2025-08-03,blocked
436,Customer 00436,+447700000436,Bristol,2025-03-22,active
437,Customer 00437,+447700000437,Glasgow,2026-01-05,active
438,Customer 00438,+447700000438,Cardiff,2025-11-02,active
439,Customer 00439,+447700000439,London,2025-03-21,active
440,Customer 00440,+447700000440,Cardiff,2025-01-26,active
441,Customer 00441,+447700000441,Glasgow,2025-08-15,blocked
442,Customer 00442,+447700000442,Edinburgh,2025-11-07,blocked
443,Customer 00443,+447700000443,Liverpool,2025-05-20,active
444,Customer 00444,+447700000444,Sheffield,2025-02-28,active
445,Customer 00445,+447700000445,Liverpool,2025-02-26,active
446,Customer 00446,+447700000446,Cardiff,2025-09-07,active
447,Customer 00447,+447700000447,London,2025-04-23,blocked
448,Customer 00448,+447700000448,Cardiff,2025-01-29,active
449,Customer 00449,+447700000449,Leeds,2025-06-04,active
450,Customer 00450,+447700000450,Birmingham,2026-01-27,active
451,Customer 00451,+447700000451,Glasgow,2025-06-17,active
452,Customer 00452,+447700000452,London,2025-09-12,blocked
453,Customer 00453,+447700000453,Birmingham,2025-03-08,blocked
454,Customer 00454,+447700000454,Sheffield,2025-12-27,active
455,Customer 00455,+447700000455,Sheffield,2025-10-14,active
456,Customer 00456,+447700000456,Manchester,2025-07-23,active
457,Customer 00457,+447700000457,Liverpool,2025-01-10,blocked
458,Customer 00458,+447700000458,Manchester,2025-06-10,blocked
459,Customer 00459,+447700000459,Cardiff,2025-07-27,blocked
460,Customer 00460,+447700000460,Glasgow,2025-02-28,blocked
461,Customer 00461,+447700000461,London,2025-06-16,active
462,Customer 00462,+447700000462,Cardiff,2025-08-24,active
463,Customer 00463,+447700000463,Manchester,2025-08-12,active
464,Customer 00464,+447700000464,Leeds,2025-08-12,blocked
465,Customer 00465,+447700000465,Sheffield,2025-02-10,blocked
466,Customer 00466,+447700000466,Glasgow,2026-01-17,active
467,Customer 00467,+447700000467,Leeds,2025-06-20,active
468,Customer 00468,+447700000468,Manchester,2025-09-19,active
469,Customer 00469,+447700000469,Sheffield,2025-09-19,active
470,Customer 00470,+447700000470,Bristol,2025-06-29,active
471,Customer 00471,+447700000471,Leeds,2025-02-22,active
472,Customer 00472,+447700000472,Glasgow,2025-04-12,active
473,Customer 00473,+447700000473,Cardiff,2025-03-20,active
474,Customer 00474,+447700000474,Birmingham,2026-01-31,blocked
475,Customer 00475,+447700000475,Edinburgh,2026-01-22,blocked
476,Customer 00476,+447700000476,Cardiff,2025-11-26,active
477,Customer 00477,+447700000477,Bristol,2025-03-19,blocked
478,Customer 00478,+447700000478,Manchester,2025-08-29,blocked
479,Customer 00479,+447700000479,Glasgow,2025-05-21,active
480,Customer 00480,+447700000480,Bristol,2025-09-17,active
481,Customer 00481,+447700000481,Glasgow,2025-08-25,blocked
482,Customer 00482,+447700000482,London,2025-01-30,active
483,Customer 00483,+447700000483,Glasgow,2025-02-09,active
484,Customer 00484,+447700000484,Cardiff,2025-11-01,blocked
485,Customer 00485,+447700000485,Edinburgh,2025-10-25,active
486,Customer 00486,+447700000486,Edinburgh,2025-10-20,active
487,Customer 00487,+447700000487,Bristol,2025-11-06,blocked
488,Customer 00488,+447700000488,Sheffield,2025-03-19,active
489,Customer 00489,+447700000489,Edinburgh,2025-02-22,active
490,Customer 00490,+447700000490,Manchester,2025-09-16,active
491,Customer 00491,+447700000491,London,2025-05-07,blocked
492,Customer 00492,+447700000492,Edinburgh,2025-09-26,active
493,Customer 00493,+447700000493,Bristol,2025-07-10,active
494,Customer 00494,+447700000494,Liverpool,2025-07-29,active
495,Customer 00495,+447700000495,Cardiff,2025-01-27,active
496,Customer 00496,+447700000496,Manchester,2025-06-18,active
497,Customer 00497,+447700000497,Sheffield,2025-12-14,blocked
498,Customer 00498,+447700000498,Glasgow,2025-05-10,active
499,Customer 00499,+447700000499,Bristol,2025-02-11,active
500,Customer 00500,+447700000500,Bristol,2025-06-08,blocked
501,Customer 00501,+447700000501,Birmingham,2025-11-01,active
502,Customer 00502,+447700000502,Glasgow,2025-10-14,blocked
503,Customer 00503,+447700000503,Bristol,2025-03-07,active
504,Customer 00504,+447700000504,Liverpool,2025-09-18,active
505,Customer 00505,+447700000505,London,2025-07-05,active
506,Customer 00506,+447700000506,Birmingham,2025-04-20,active
507,Customer 00507,+447700000507,Edinburgh,2025-04-09,active
508,Customer 00508,+447700000508,Birmingham,2025-03-21,active
509,Customer 00509,+447700000509,Glasgow,2025-02-21,active
510,Customer 00510,+447700000510,Bristol,2026-01-28,active
511,Customer 00511,+447700000511,Cardiff,2025-07-12,active
512,Customer 00512,+447700000512,Birmingham,2025-04-03,active
513,Customer 00513,+447700000513,Edinburgh,2025-01-23,blocked
514,Customer 00514,+447700000514,Bristol,2025-12-13,active
515,Customer 00515,+447700000515,Edinburgh,2025-11-09,active
516,Customer 00516,+447700000516,Edinburgh,2025-04-30,active
517,Customer 00517,+447700000517,Glasgow,2025-08-29,active
518,Customer 00518,+447700000518,Bristol,2025-12-14,blocked
519,Customer 00519,+447700000519,Edinburgh,2026-01-29,active
520,Customer 00520,+447700000520,Liverpool,2025-09-15,blocked
521,Customer 00521,+447700000521,Birmingham,2025-04-13,active
522,Customer 00522,+447700000522,Glasgow,2025-01-27,blocked
523,Customer 00523,+447700000523,Bristol,2025-10-11,active
524,Customer 00524,+447700000524,Sheffield,2025-03-05,active
525,Customer 00525,+447700000525,Manchester,2026-01-26,active
526,Customer 00526,+447700000526,Glasgow,2025-08-19,active
527,Customer 00527,+447700000527,Liverpool,2025-02-16,active
528,Customer 00528,+447700000528,Edinburgh,2025-06-28,active
529,Customer 00529,+447700000529,Liverpool,2025-01-28,blocked
530,Customer 00530,+447700000530,Sheffield,2025-07-11,active
531,Customer 00531,+447700000531,Liverpool,2025-02-11,active
532,Customer 00532,+447700000532,Leeds,2025-01-15,active
533,Customer 00533,+447700000533,Manchester,2026-01-01,active
534,Customer 00534,+447700000534,Birmingham,2025-03-12,active
535,Customer 00535,+447700000535,Glasgow,2025-08-30,active
536,Customer 00536,+447700000536,Edinburgh,2025-08-18,active
537,Customer 00537,+447700000537,Manchester,2025-01-10,active
538,Customer 00538,+447700000538,Leeds,2025-03-18,blocked
539,Customer 00539,+447700000539,Manchester,2026-02-02,active
540,Customer 00540,+447700000540,Leeds,2025-06-04,active
541,Customer 00541,+447700000541,London,2025-05-03,blocked
542,Customer 00542,+447700000542,Cardiff,2025-08-23,active
543,Customer 00543,+447700000543,Manchester,2025-09-13,active
544,Customer 00544,+447700000544,Sheffield,2025-10-22,active
545,Customer 00545,+447700000545,Birmingham,2025-05-30,blocked
546,Customer 00546,+447700000546,London,2025-11-11,active
547,Customer 00547,+447700000547,Leeds,2025-10-20,blocked
548,Customer 00548,+447700000548,Birmingham,2025-12-07,active
549,Customer 00549,+447700000549,Sheffield,2025-07-04,active
550,Customer 00550,+447700000550,Sheffield,2025-10-06,active
551,Customer 00551,+447700000551,Liverpool,2025-08-29,active
552,Customer 00552,+447700000552,Liverpool,2025-07-11,active
553,Customer 00553,+447700000553,London,2025-07-02,active
554,Customer 00554,+447700000554,Bristol,2025-05-04,active
555,Customer 00555,+447700000555,Cardiff,2026-01-12,active
556,Customer 00556,+447700000556,Birmingham,2025-01-23,active
557,Customer 00557,+447700000557,Sheffield,2025-06-23,active
558,Customer 00558,+447700000558,Edinburgh,2025-12-23,blocked
559,Customer 00559,+447700000559,Birmingham,2025-03-11,active
560,Customer 00560,+447700000560,Edinburgh,2025-01-19,active
561,Customer 00561,+447700000561,Leeds,2025-01-23,active
562,Customer 00562,+447700000562,London,2025-06-11,active
563,Customer 00563,+447700000563,Sheffield,2025-07-23,blocked
564,Customer 00564,+447700000564,Glasgow,2025-01-19,active
565,Customer 00565,+447700000565,Glasgow,2025-07-02,active
566,Customer 00566,+447700000566,Bristol,2025-05-20,active
567,Customer 00567,+447700000567,Bristol,2025-08-12,blocked
568,Customer 00568,+447700000568,Edinburgh,2025-07-17,active
569,Customer 00569,+447700000569,Birmingham,2025-09-12,blocked
570,Customer 00570,+447700000570,Bristol,2025-09-23,active
571,Customer 00571,+447700000571,Manchester,2026-01-08,blocked
572,Customer 00572,+447700000572,Manchester,2025-08-09,active
573,Customer 00573,+447700000573,Sheffield,2025-05-31,active
574,Customer 00574,+447700000574,Manchester,2025-02-10,active
575,Customer 00575,+447700000575,Glasgow,2025-06-06,blocked
576,Customer 00576,+447700000576,Cardiff,2026-01-03,blocked
577,Customer 00577,+447700000577,Birmingham,2025-12-20,blocked
578,Customer 00578,+447700000578,Bristol,2025-08-17,active
579,Customer 00579,+447700000579,Bristol,2025-11-11,blocked
580,Customer 00580,+447700000580,Glasgow,2025-11-24,active
581,Customer 00581,+447700000581,Manchester,2025-12-10,blocked
582,Customer 00582,+447700000582,Bristol,2025-09-20,active
583,Customer 00583,+447700000583,London,2025-03-15,blocked
584,Customer 00584,+447700000584,London,2025-03-06,active
585,Customer 00585,+447700000585,Leeds,2026-02-03,active
586,Customer 00586,+447700000586,Bristol,2025-07-16,active
587,Customer 00587,+447700000587,Cardiff,2025-03-20,blocked
588,Customer 00588,+447700000588,Bristol,2025-07-10,blocked
589,Customer 00589,+447700000589,Manchester,2025-10-21,active
590,Customer 00590,+447700000590,Sheffield,2025-07-07,blocked
591,Customer 00591,+447700000591,Bristol,2025-11-29,active
592,Customer 00592,+447700000592,Leeds,2025-02-28,active
593,Customer 00593,+447700000593,Birmingham,2025-09-13,blocked
594,Customer 00594,+447700000594,Sheffield,2025-03-02,active
595,Customer 00595,+447700000595,Glasgow,2025-12-27,blocked
596,Customer 00596,+447700000596,Leeds,2025-11-10,active
597,Customer 00597,+447700000597,Edinburgh,2025-04-13,active
598,Customer 00598,+447700000598,Birmingham,2025-02-07,blocked
599,Customer 00599,+447700000599,Birmingham,2026-01-01,blocked
600,Customer 00600,+447700000600,Manchester,2025-12-16,active
601,Customer 00601,+447700000601,Bristol,2025-12-30,active
602,Customer 00602,+447700000602,Sheffield,2025-10-05,active
603,Customer 00603,+447700000603,Glasgow,2025-03-22,active
604,Customer 00604,+447700000604,Bristol,2025-09-18,active
605,Customer 00605,+447700000605,Manchester,2025-04-13,active
606,Customer 00606,+447700000606,Leeds,2025-09-10,active
607,Customer 00607,+447700000607,Bristol,2025-10-11,active
608,Customer 00608,+447700000608,Edinburgh,2025-10-10,active
609,Customer 00609,+447700000609,Cardiff,2025-02-14,active
610,Customer 00610,+447700000610,Glasgow,2025-07-23,blocked
611,Customer 00611,+447700000611,Sheffield,2025-07-30,blocked
612,Customer 00612,+447700000612,Cardiff,2025-02-07,active
613,Customer 00613,+447700000613,Bristol,2025-11-25,active
614,Customer 00614,+447700000614,Edinburgh,2025-08-27,active
615,Customer 00615,+447700000615,Birmingham,2026-02-04,active
616,Customer 00616,+447700000616,Birmingham,2025-08-10,active
617,Customer 00617,+447700000617,Manchester,2025-09-23,active
618,Customer 00618,+447700000618,Glasgow,2025-03-26,active
619,Customer 00619,+447700000619,Bristol,2025-12-30,active
620,Customer 00620,+447700000620,Bristol,2025-09-23,active
621,Customer 00621,+447700000621,Manchester,2025-05-09,active
622,Customer 00622,+447700000622,Sheffield,2025-05-21,active
623,Customer 00623,+447700000623,Glasgow,2025-11-11,active
624,Customer 00624,+447700000624,Sheffield,2025-11-25,active
625,Customer 00625,+447700000625,Cardiff,2025-10-25,active
626,Customer 00626,+447700000626,Birmingham,2025-12-04,active
627,Customer 00627,+447700000627,Cardiff,2025-01-22,active
628,Customer 00628,+447700000628,Manchester,2025-01-24,active
629,Customer 00629,+447700000629,Leeds,2026-01-28,blocked
630,Customer 00630,+447700000630,Cardiff,2025-11-24,active
631,Customer 00631,+447700000631,Edinburgh,2025-11-18,active
632,Customer 00632,+447700000632,Glasgow,2025-09-05,active
633,Customer 00633,+447700000633,Liverpool,2025-06-02,blocked
634,Customer 00634,+447700000634,Manchester,2025-12-19,active
635,Customer 00635,+447700000635,Birmingham,2025-08-14,blocked
636,Customer 00636,+447700000636,Edinburgh,2025-08-26,active
637,Customer 00637,+447700000637,Bristol,2025-11-07,active
638,Customer 00638,+447700000638,Bristol,2026-01-03,active
639,Customer 00639,+447700000639,Bristol,2025-07-24,active
640,Customer 00640,+447700000640,Bristol,2025-09-21,active
641,Customer 00641,+447700000641,Bristol,2025-05-04,blocked
642,Customer 00642,+447700000642,Manchester,2025-05-17,blocked
643,Customer 00643,+447700000643,Leeds,2025-03-14,active
644,Customer 00644,+447700000644,London,2025-05-29,blocked
645,Customer 00645,+447700000645,Cardiff,2025-08-03,active
646,Customer 00646,+447700000646,Birmingham,2025-06-17,active
647,Customer 00647,+447700000647,Leeds,2026-01-26,active
648,Customer 00648,+447700000648,Edinburgh,2025-09-21,blocked
649,Customer 00649,+447700000649,Edinburgh,2025-06-07,blocked
650,Customer 00650,+447700000650,London,2025-02-16,blocked
651,Customer 00651,+447700000651,Sheffield,2025-08-23,active
652,Customer 00652,+447700000652,Leeds,2025-10-26,active
653,Customer 00653,+447700000653,London,2025-01-26,active
654,Customer 00654,+447700000654,Edinburgh,2025-11-02,blocked
655,Customer 00655,+447700000655,Glasgow,2025-10-02,active
656,Customer 00656,+447700000656,Manchester,2025-08-09,active
657,Customer 00657,+447700000657,Glasgow,2026-01-08,active
658,Customer 00658,+447700000658,Liverpool,2025-07-07,active
659,Customer 00659,+447700000659,Liverpool,2025-01-27,active
660,Customer 00660,+447700000660,Bristol,2025-10-11,active
661,Customer 00661,+447700000661,Manchester,2025-07-17,blocked
662,Customer 00662,+447700000662,Sheffield,2025-05-24,active
663,Customer 00663,+447700000663,Birmingham,2025-02-19,blocked
664,Customer 00664,+447700000664,Bristol,2025-06-23,active
665,Customer 00665,+447700000665,Birmingham,2025-04-12,blocked
666,Customer 00666,+447700000666,Sheffield,2025-01-21,active
667,Customer 00667,+447700000667,London,2025-03-12,active
668,Customer 00668,+447700000668,Edinburgh,2025-09-23,blocked
669,Customer 00669,+447700000669,Birmingham,2025-11-07,active
670,Customer 00670,+447700000670,Bristol,2025-11-10,active
671,Customer 00671,+447700000671,Birmingham,2025-07-21,active
672,Customer 00672,+447700000672,Cardiff,2025-06-22,blocked
673,Customer 00673,+447700000673,Cardiff,2025-06-03,blocked
674,Customer 00674,+447700000674,London,2025-07-08,active
675,Customer 00675,+447700000675,Manchester,2025-08-02,active
676,Customer 00676,+447700000676,London,2025-11-02,blocked
677,Customer 00677,+447700000677,Glasgow,2025-12-02,active
678,Customer 00678,+447700000678,London,2025-10-26,blocked
679,Customer 00679,+447700000679,Birmingham,2025-09-26,blocked
680,Customer 00680,+447700000680,Birmingham,2025-12-15,active
681,Customer 00681,+447700000681,London,2025-10-21,active
682,Customer 00682,+447700000682,Leeds,2025-01-10,blocked
683,Customer 00683,+447700000683,Bristol,2025-08-03,active
684,Customer 00684,+447700000684,Liverpool,2025-12-20,active
685,Customer 00685,+447700000685,Liverpool,2025-09-14,blocked
686,Customer 00686,+447700000686,London,2025-12-28,active
687,Customer 00687,+447700000687,Sheffield,2025-04-17,active
688,Customer 00688,+447700000688,Edinburgh,2025-09-27,blocked
689,Customer 00689,+447700000689,Bristol,2025-03-30,blocked
690,Customer 00690,+447700000690,Sheffield,2025-06-25,active
691,Customer 00691,+447700000691,Glasgow,2025-11-09,blocked
692,Customer 00692,+447700000692,Leeds,2025-05-07,active
693,Customer 00693,+447700000693,Sheffield,2025-06-02,active
694,Customer 00694,+447700000694,Glasgow,2026-01-30,active
695,Customer 00695,+447700000695,Leeds,2025-12-20,blocked
696,Customer 00696,+447700000696,Bristol,2025-09-03,active
697,Customer 00697,+447700000697,Sheffield,2026-01-05,active
698,Customer 00698,+447700000698,Glasgow,2025-03-04,blocked
699,Customer 00699,+447700000699,Liverpool,2025-06-26,active
700,Customer 00700,+447700000700,Glasgow,2025-01-22,active
701,Customer 00701,+447700000701,Manchester,2025-06-27,blocked
702,Customer 00702,+447700000702,Glasgow,2026-01-18,blocked
703,Customer 00703,+447700000703,Leeds,2025-04-14,active
704,Customer 00704,+447700000704,Sheffield,2025-12-23,active
705,Customer 00705,+447700000705,Birmingham,2025-02-25,active
706,Customer 00706,+447700000706,Leeds,2025-01-26,active
707,Customer 00707,+447700000707,Leeds,2025-01-27,active
708,Customer 00708,+447700000708,Liverpool,2025-06-19,blocked
709,Customer 00709,+447700000709,Manchester,2025-12-15,active
710,Customer 00710,+447700000710,London,2025-10-09,active
711,Customer 00711,+447700000711,Liverpool,2025-12-01,blocked
712,Customer 00712,+447700000712,Edinburgh,2025-11-30,active
713,Customer 00713,+447700000713,Glasgow,2025-06-14,active
714,Customer 00714,+447700000714,London,2026-01-29,active
715,Customer 00715,+447700000715,Cardiff,2025-04-29,active
716,Customer 00716,+447700000716,Birmingham,2025-08-02,active
717,Customer 00717,+447700000717,London,2025-07-23,blocked
718,Customer 00718,+447700000718,Birmingham,2026-01-19,active
719,Customer 00719,+447700000719,London,2025-01-05,active
720,Customer 00720,+447700000720,Cardiff,2025-11-05,active
721,Customer 00721,+447700000721,Bristol,2025-05-26,blocked
722,Customer 00722,+447700000722,Sheffield,2025-09-26,blocked
723,Customer 00723,+447700000723,Birmingham,2025-09-16,blocked
724,Customer 00724,+447700000724,Glasgow,2025-04-09,active
725,Customer 00725,+447700000725,Bristol,2025-03-25,blocked
726,Customer 00726,+447700000726,Glasgow,2026-01-03,active
727,Customer 00727,+447700000727,London,2026-01-13,active
728,Customer 00728,+447700000728,Glasgow,2025-10-18,active
729,Customer 00729,+447700000729,Birmingham,2025-11-09,blocked
730,Customer 00730,+447700000730,Liverpool,2025-09-21,active
731,Customer 00731,+447700000731,Manchester,2025-07-25,active
732,Customer 00732,+447700000732,Birmingham,2025-03-13,blocked
733,Customer 00733,+447700000733,Bristol,2025-05-08,active
734,Customer 00734,+447700000734,Glasgow,2025-07-16,active
735,Customer 00735,+447700000735,Edinburgh,2026-01-21,active
736,Customer 00736,+447700000736,Bristol,2025-06-04,active
737,Customer 00737,+447700000737,Glasgow,2025-12-01,active
738,Customer 00738,+447700000738,Leeds,2025-02-01,active
739,Customer 00739,+447700000739,Edinburgh,2025-06-07,active
740,Customer 00740,+447700000740,Liverpool,2025-12-18,active
741,Customer 00741,+447700000741,Manchester,2025-11-24,active
742,Customer 00742,+447700000742,Bristol,2025-11-11,active
743,Customer 00743,+447700000743,Leeds,2025-03-10,blocked
744,Customer 00744,+447700000744,Birmingham,2025-08-21,active
745,Customer 00745,+447700000745,Liverpool,2025-12-26,blocked
746,Customer 00746,+447700000746,Sheffield,2025-12-07,active
747,Customer 00747,+447700000747,Leeds,2025-12-15,active
748,Customer 00748,+447700000748,Sheffield,2025-08-17,active
749,Customer 00749,+447700000749,Manchester,2025-10-16,active
750,Customer 00750,+447700000750,London,2025-10-08,active
751,Customer 00751,+447700000751,Cardiff,2025-10-02,active
752,Customer 00752,+447700000752,Birmingham,2025-06-17,blocked
753,Customer 00753,+447700000753,Manchester,2025-12-15,active
754,Customer 00754,+447700000754,Cardiff,2025-09-08,active
755,Customer 00755,+447700000755,Sheffield,2025-08-17,active
756,Customer 00756,+447700000756,Edinburgh,2025-03-09,blocked
757,Customer 00757,+447700000757,Edinburgh,2025-10-16,active
758,Customer 00758,+447700000758,Sheffield,2025-08-25,active
759,Customer 00759,+447700000759,London,2025-07-22,active
760,Customer 00760,+447700000760,London,2026-01-17,active
761,Customer 00761,+447700000761,Cardiff,2025-02-07,active
762,Customer 00762,+447700000762,Liverpool,2025-06-26,active
763,Customer 00763,+447700000763,Sheffield,2025-01-31,active
764,Customer 00764,+447700000764,Edinburgh,2025-01-17,active
765,Customer 00765,+447700000765,Liverpool,2025-04-03,active
766,Customer 00766,+447700000766,Liverpool,2025-07-11,blocked
767,Customer 00767,+447700000767,Edinburgh,2025-07-13,blocked
768,Customer 00768,+447700000768,Manchester,2025-12-16,active
769,Customer 00769,+447700000769,Bristol,2025-03-02,active
770,Customer 00770,+447700000770,Sheffield,2025-07-21,active
771,Customer 00771,+447700000771,Leeds,2025-01-02,active
772,Customer 00772,+447700000772,Glasgow,2025-08-26,blocked
773,Customer 00773,+447700000773,Sheffield,2025-07-14,active
774,Customer 00774,+447700000774,Leeds,2025-08-24,active
775,Customer 00775,+447700000775,Birmingham,2025-05-22,active
776,Customer 00776,+447700000776,Manchester,2025-01-17,blocked
777,Customer 00777,+447700000777,Cardiff,2026-01-28,active
778,Customer 00778,+447700000778,Leeds,2025-04-16,active
779,Customer 00779,+447700000779,Manchester,2025-11-01,active
780,Customer 00780,+447700000780,Edinburgh,2025-11-03,active
781,Customer 00781,+447700000781,Leeds,2026-01-15,active
782,Customer 00782,+447700000782,Liverpool,2025-08-13,active
783,Customer 00783,+447700000783,Sheffield,2025-04-22,active
784,Customer 00784,+447700000784,Birmingham,2025-09-15,active
785,Customer 00785,+447700000785,Leeds,2026-01-10,active
786,Customer 00786,+447700000786,Cardiff,2025-11-03,active
787,Customer 00787,+447700000787,Leeds,2025-06-04,active
788,Customer 00788,+447700000788,Sheffield,2025-04-24,blocked
789,Customer 00789,+447700000789,Glasgow,2025-05-21,active
790,Customer 00790,+447700000790,Sheffield,2025-10-30,active
791,Customer 00791,+447700000791,Liverpool,2025-10-12,blocked
792,Customer 00792,+447700000792,London,2025-06-26,blocked
793,Customer 00793,+447700000793,Sheffield,2025-06-13,blocked
794,Customer 00794,+447700000794,Liverpool,2025-03-18,active
795,Customer 00795,+447700000795,Liverpool,2025-04-05,blocked
796,Customer 00796,+447700000796,Leeds,2025-04-26,active
797,Customer 00797,+447700000797,Birmingham,2025-08-26,active
798,Customer 00798,+447700000798,Sheffield,2025-07-31,blocked
799,Customer 00799,+447700000799,Sheffield,2025-09-29,active
800,Customer 00800,+447700000800,Liverpool,2025-05-05,active
801,Customer 00801,+447700000801,Leeds,2025-06-19,active
802,Customer 00802,+447700000802,Edinburgh,2025-07-09,active
803,Customer 00803,+447700000803,Sheffield,2026-01-06,active
804,Customer 00804,+447700000804,London,2025-05-18,blocked
805,Customer 00805,+447700000805,Cardiff,2025-11-05,active
806,Customer 00806,+447700000806,Manchester,2025-04-07,active
807,Customer 00807,+447700000807,Edinburgh,2025-04-17,active
808,Customer 00808,+447700000808,Glasgow,2025-01-08,active
809,Customer 00809,+447700000809,Leeds,2026-01-15,active
810,Customer 00810,+447700000810,Edinburgh,2025-05-05,active
811,Customer 00811,+447700000811,Liverpool,2025-05-03,active
812,Customer 00812,+447700000812,Glasgow,2025-07-14,blocked
813,Customer 00813,+447700000813,Sheffield,2025-11-29,active
814,Customer 00814,+447700000814,Glasgow,2025-05-14,active
815,Customer 00815,+447700000815,Sheffield,2025-09-12,blocked
816,Customer 00816,+447700000816,Manchester,2026-01-05,blocked
817,Customer 00817,+447700000817,Bristol,2025-04-15,active
818,Customer 00818,+447700000818,Bristol,2025-07-31,active
819,Customer 00819,+447700000819,Cardiff,2025-04-24,active
820,Customer 00820,+447700000820,London,2025-05-14,blocked
821,Customer 00821,+447700000821,Glasgow,2025-03-20,active
822,Customer 00822,+447700000822,Bristol,2025-04-28,blocked
823,Customer 00823,+447700000823,Cardiff,2025-05-06,blocked
824,Customer 00824,+447700000824,Sheffield,2025-12-02,active
825,Customer 00825,+447700000825,Glasgow,2026-01-26,blocked
826,Customer 00826,+447700000826,Edinburgh,2025-08-24,active
827,Customer 00827,+447700000827,Bristol,2025-03-28,active
828,Customer 00828,+447700000828,Sheffield,2025-09-08,active
829,Customer 00829,+447700000829,Sheffield,2025-11-25,active
830,Customer 00830,+447700000830,Sheffield,2025-01-18,active
831,Customer 00831,+447700000831,London,2026-01-27,active
832,Customer 00832,+447700000832,Liverpool,2025-03-12,active
833,Customer 00833,+447700000833,Manchester,2025-12-29,active
834,Customer 00834,+447700000834,London,2025-04-22,blocked
835,Customer 00835,+447700000835,Bristol,2025-01-31,blocked
836,Customer 00836,+447700000836,Edinburgh,2025-01-09,active
837,Customer 00837,+447700000837,Sheffield,2025-10-10,blocked
838,Customer 00838,+447700000838,London,2025-01-09,active
839,Customer 00839,+447700000839,Sheffield,2025-05-27,active
840,Customer 00840,+447700000840,Sheffield,2025-12-24,blocked
841,Customer 00841,+447700000841,Birmingham,2025-02-24,active
842,Customer 00842,+447700000842,Sheffield,2025-03-18,active
843,Customer 00843,+447700000843,Leeds,2025-11-14,active
844,Customer 00844,+447700000844,Bristol,2025-05-17,blocked
845,Customer 00845,+447700000845,Manchester,2025-07-11,blocked
846,Customer 00846,+447700000846,Edinburgh,2025-10-17,active
847,Customer 00847,+447700000847,Leeds,2025-06-03,active
848,Customer 00848,+447700000848,London,2025-02-17,blocked
849,Customer 00849,+447700000849,Liverpool,2025-07-13,blocked
850,Customer 00850,+447700000850,London,2025-11-23,active
851,Customer 00851,+447700000851,Birmingham,2025-02-12,blocked
852,Customer 00852,+447700000852,Liverpool,2025-11-27,active
853,Customer 00853,+447700000853,Cardiff,2025-02-18,active
854,Customer 00854,+447700000854,Leeds,2025-04-19,blocked
855,Customer 00855,+447700000855,Glasgow,2025-01-24,active
856,Customer 00856,+447700000856,Glasgow,2025-10-06,active
857,Customer 00857,+447700000857,Birmingham,2025-06-11,active
858,Customer 00858,+447700000858,Leeds,2025-10-28,active
859,Customer 00859,+447700000859,Liverpool,2025-02-09,active
860,Customer 00860,+447700000860,Birmingham,2025-10-16,active
861,Customer 00861,+447700000861,Cardiff,2025-07-19,active
862,Customer 00862,+447700000862,Liverpool,2026-01-22,active
863,Customer 00863,+447700000863,Manchester,2025-09-14,active
864,Customer 00864,+447700000864,London,2025-02-20,blocked
865,Customer 00865,+447700000865,Leeds,2025-02-08,active
866,Customer 00866,+447700000866,Cardiff,2026-01-29,blocked
867,Customer 00867,+447700000867,Bristol,2025-01-16,active
868,Customer 00868,+447700000868,Edinburgh,2025-09-09,active
869,Customer 00869,+447700000869,Bristol,2025-10-11,blocked
870,Customer 00870,+447700000870,Liverpool,2025-04-06,blocked
871,Customer 00871,+447700000871,Manchester,2026-01-31,active
872,Customer 00872,+447700000872,Leeds,2026-01-01,active
873,Customer 00873,+447700000873,Manchester,2025-05-18,active
874,Customer 00874,+447700000874,Liverpool,2025-12-31,active
875,Customer 00875,+447700000875,Liverpool,2025-06-12,active
876,Customer 00876,+447700000876,Manchester,2025-02-16,active
877,Customer 00877,+447700000877,Glasgow,2025-08-16,active
878,Customer 00878,+447700000878,Glasgow,2025-02-22,active
879,Customer 00879,+447700000879,Manchester,2025-04-06,blocked
880,Customer 00880,+447700000880,Edinburgh,2025-10-13,blocked
881,Customer 00881,+447700000881,Manchester,2025-01-14,active
882,Customer 00882,+447700000882,Bristol,2025-10-11,active
883,Customer 00883,+447700000883,Cardiff,2025-11-03,active
884,Customer 00884,+447700000884,Liverpool,2025-01-07,active
885,Customer 00885,+447700000885,Liverpool,2025-07-18,active
886,Customer 00886,+447700000886,Sheffield,2025-05-05,active
887,Customer 00887,+447700000887,Liverpool,2025-03-28,active
888,Customer 00888,+447700000888,Glasgow,2025-06-04,active
889,Customer 00889,+447700000889,Edinburgh,2025-03-16,active
890,Customer 00890,+447700000890,Birmingham,2025-08-11,active
891,Customer 00891,+447700000891,Liverpool,2025-06-03,blocked
892,Customer 00892,+447700000892,Manchester,2025-07-04,active
893,Customer 00893,+447700000893,Leeds,2026-01-05,blocked
894,Customer 00894,+447700000894,Cardiff,2025-11-12,active
895,Customer 00895,+447700000895,Edinburgh,2025-02-24,active
896,Customer 00896,+447700000896,Glasgow,2025-01-04,blocked
897,Customer 00897,+447700000897,Bristol,2025-11-14,blocked
898,Customer 00898,+447700000898,Bristol,2025-08-14,active
899,Customer 00899,+447700000899,Liverpool,2025-11-30,active
900,Customer 00900,+447700000900,Glasgow,2025-06-14,active
901,Customer 00901,+447700000901,Edinburgh,2025-06-10,active
902,Customer 00902,+447700000902,Liverpool,2025-06-13,active
903,Customer 00903,+447700000903,Edinburgh,2025-10-22,active
904,Customer 00904,+447700000904,Bristol,2025-07-12,active
905,Customer 00905,+447700000905,Liverpool,2025-07-06,active
906,Customer 00906,+447700000906,Cardiff,2025-04-13,active
907,Customer 00907,+447700000907,Sheffield,2025-01-14,blocked
908,Customer 00908,+447700000908,Leeds,2025-08-13,active
909,Customer 00909,+447700000909,Manchester,2025-07-29,blocked
910,Customer 00910,+447700000910,Birmingham,2025-11-21,active
911,Customer 00911,+447700000911,Leeds,2025-05-10,active
912,Customer 00912,+447700000912,Liverpool,2025-07-13,active
913,Customer 00913,+447700000913,Edinburgh,2025-11-03,blocked
914,Customer 00914,+447700000914,Cardiff,2025-07-25,blocked
915,Customer 00915,+447700000915,Sheffield,2025-01-19,active
916,Customer 00916,+447700000916,Sheffield,2025-11-01,active
917,Customer 00917,+447700000917,Manchester,2026-01-29,active
918,Customer 00918,+447700000918,Bristol,2025-03-27,active
919,Customer 00919,+447700000919,Cardiff,2025-11-27,blocked
920,Customer 00920,+447700000920,Bristol,2025-08-09,active
921,Customer 00921,+447700000921,London,2025-02-20,active
922,Customer 00922,+447700000922,Leeds,2025-09-19,active
923,Customer 00923,+447700000923,Edinburgh,2025-07-11,blocked
924,Customer 00924,+447700000924,Edinburgh,2026-01-31,active
925,Customer 00925,+447700000925,Bristol,2025-01-13,blocked
926,Customer 00926,+447700000926,Manchester,2025-06-01,blocked
927,Customer 00927,+447700000927,Manchester,2025-03-01,active
928,Customer 00928,+447700000928,Bristol,2025-06-09,active
929,Customer 00929,+447700000929,Edinburgh,2025-04-16,blocked
930,Customer 00930,+447700000930,Bristol,2025-09-01,active
931,Customer 00931,+447700000931,Edinburgh,2026-01-05,blocked
932,Customer 00932,+447700000932,Bristol,2025-02-04,active
933,Customer 00933,+447700000933,London,2025-12-30,active
934,Customer 00934,+447700000934,London,2025-06-25,active
935,Customer 00935,+447700000935,Birmingham,2026-01-15,active
936,Customer 00936,+447700000936,Sheffield,2025-03-31,active
937,Customer 00937,+447700000937,Bristol,2025-10-14,blocked
938,Customer 00938,+447700000938,Edinburgh,2025-04-29,blocked
939,Customer 00939,+447700000939,Birmingham,2025-04-06,blocked
940,Customer 00940,+447700000940,Liverpool,2025-01-15,active
941,Customer 00941,+447700000941,Edinburgh,2025-10-31,blocked
942,Customer 00942,+447700000942,Liverpool,2025-01-03,active
943,Customer 00943,+447700000943,Leeds,2025-05-23,active
944,Customer 00944,+447700000944,Cardiff,2025-02-22,active
945,Customer 00945,+447700000945,Bristol,2025-06-16,active
946,Customer 00946,+447700000946,Edinburgh,2025-02-28,active
947,Customer 00947,+447700000947,Edinburgh,2025-09-28,active
948,Customer 00948,+447700000948,Cardiff,2025-07-18,blocked
949,Customer 00949,+447700000949,Cardiff,2025-02-28,active
950,Customer 00950,+447700000950,Bristol,2025-08-23,active
951,Customer 00951,+447700000951,Glasgow,2025-11-11,active
952,Customer 00952,+447700000952,Birmingham,2025-06-10,active
953,Customer 00953,+447700000953,Leeds,2025-06-06,active
954,Customer 00954,+447700000954,Birmingham,2025-07-11,active
955,Customer 00955,+447700000955,Sheffield,2025-07-18,blocked
956,Customer 00956,+447700000956,Cardiff,2025-03-12,blocked
957,Customer 00957,+447700000957,Liverpool,2025-04-06,blocked
958,Customer 00958,+447700000958,Sheffield,2025-12-22,active
959,Customer 00959,+447700000959,Sheffield,2025-03-27,blocked
960,Customer 00960,+447700000960,Glasgow,2025-03-13,active
961,Customer 00961,+447700000961,Bristol,2025-08-19,active
962,Customer 00962,+447700000962,Bristol,2025-01-05,blocked
963,Customer 00963,+447700000963,Birmingham,2025-04-10,blocked
964,Customer 00964,+447700000964,Sheffield,2025-09-16,blocked
965,Customer 00965,+447700000965,Liverpool,2025-12-17,blocked
966,Customer 00966,+447700000966,Liverpool,2025-12-30,blocked
967,Customer 00967,+447700000967,Edinburgh,2025-03-27,active
968,Customer 00968,+447700000968,Cardiff,2025-01-16,active
969,Customer 00969,+447700000969,Glasgow,2025-01-17,active
970,Customer 00970,+447700000970,Leeds,2025-10-03,active
971,Customer 00971,+447700000971,Birmingham,2026-02-04,blocked
972,Customer 00972,+447700000972,Cardiff,2026-01-16,blocked
973,Customer 00973,+447700000973,Sheffield,2025-09-19,active
974,Customer 00974,+447700000974,Cardiff,2025-02-28,active
975,Customer 00975,+447700000975,Sheffield,2025-07-07,active
976,Customer 00976,+447700000976,Edinburgh,2025-10-07,active
977,Customer 00977,+447700000977,Liverpool,2025-02-22,active
978,Customer 00978,+447700000978,Glasgow,2025-01-17,blocked
979,Customer 00979,+447700000979,Glasgow,2025-06-28,active
980,Customer 00980,+447700000980,Edinburgh,2025-03-02,active
981,Customer 00981,+447700000981,Leeds,2026-01-13,active
982,Customer 00982,+447700000982,Cardiff,2025-11-20,blocked
983,Customer 00983,+447700000983,Birmingham,2025-11-12,active
984,Customer 00984,+447700000984,Leeds,2025-04-16,active
985,Customer 00985,+447700000985,Cardiff,2025-06-29,active
986,Customer 00986,+447700000986,Cardiff,2025-10-03,active
987,Customer 00987,+447700000987,Bristol,2025-12-27,active
988,Customer 00988,+447700000988,Glasgow,2025-10-21,active
989,Customer 00989,+447700000989,Sheffield,2025-12-14,active
990,Customer 00990,+447700000990,Birmingham,2026-01-20,blocked
991,Customer 00991,+447700000991,London,2025-05-22,active
992,Customer 00992,+447700000992,Birmingham,2025-05-08,active
993,Customer 00993,+447700000993,Bristol,2025-05-07,blocked
994,Customer 00994,+447700000994,Edinburgh,2025-03-14,active
995,Customer 00995,+447700000995,Liverpool,2025-07-12,blocked
996,Customer 00996,+447700000996,Manchester,2025-11-21,active
997,Customer 00997,+447700000997,Liverpool,2025-09-21,active
998,Customer 00998,+447700000998,Bristol,2025-08-21,blocked
999,Customer 00999,+447700000999,Bristol,2025-10-25,active
1000,Customer 01000,+447700001000,Manchester,2026-01-10,blocked
1001,Customer 01001,+447700001001,Bristol,2025-02-02,blocked
1002,Customer 01002,+447700001002,Leeds,2025-08-08,active
1003,Customer 01003,+447700001003,Edinburgh,2025-05-18,active
1004,Customer 01004,+447700001004,Glasgow,2025-06-22,active
1005,Customer 01005,+447700001005,Cardiff,2025-09-06,active
1006,Customer 01006,+447700001006,London,2025-01-24,active
1007,Customer 01007,+447700001007,Edinburgh,2025-01-09,active
1008,Customer 01008,+447700001008,Birmingham,2025-08-14,blocked
1009,Customer 01009,+447700001009,London,2025-08-08,active
1010,Customer 01010,+447700001010,Birmingham,2025-11-29,active
1011,Customer 01011,+447700001011,Birmingham,2025-05-21,active
1012,Customer 01012,+447700001012,Bristol,2025-05-09,active
1013,Customer 01013,+447700001013,Bristol,2025-12-07,active
1014,Customer 01014,+447700001014,London,2025-07-22,active
1015,Customer 01015,+447700001015,Leeds,2025-08-08,active
1016,Customer 01016,+447700001016,Manchester,2025-01-01,active
1017,Customer 01017,+447700001017,Edinburgh,2025-02-09,active
1018,Customer 01018,+447700001018,Cardiff,2025-04-26,blocked
1019,Customer 01019,+447700001019,London,2025-01-05,active
1020,Customer 01020,+447700001020,Manchester,2025-08-05,active
1021,Customer 01021,+447700001021,Edinburgh,2025-02-06,active
1022,Customer 01022,+447700001022,Liverpool,2025-02-15,active
1023,Customer 01023,+447700001023,Manchester,2025-06-10,active
1024,Customer 01024,+447700001024,Glasgow,2025-03-12,blocked
1025,Customer 01025,+447700001025,Birmingham,2025-11-25,active
1026,Customer 01026,+447700001026,Manchester,2025-09-29,active
1027,Customer 01027,+447700001027,Cardiff,2025-11-29,active
1028,Customer 01028,+447700001028,Edinburgh,2025-06-29,active
1029,Customer 01029,+447700001029,Birmingham,2025-07-30,blocked
1030,Customer 01030,+447700001030,Leeds,2025-02-14,active
1031,Customer 01031,+447700001031,Birmingham,2026-01-21,active
1032,Customer 01032,+447700001032,Cardiff,2026-01-09,blocked
1033,Customer 01033,+447700001033,Bristol,2025-08-08,active
1034,Customer 01034,+447700001034,Birmingham,2025-05-07,active
1035,Customer 01035,+447700001035,Manchester,2025-05-08,active
1036,Customer 01036,+447700001036,London,2025-12-04,active
1037,Customer 01037,+447700001037,Leeds,2025-09-23,active
1038,Customer 01038,+447700001038,Liverpool,2025-06-01,active
1039,Customer 01039,+447700001039,Leeds,2025-09-11,blocked
1040,Customer 01040,+447700001040,Manchester,2025-05-04,blocked
1041,Customer 01041,+447700001041,Cardiff,2025-02-06,active
1042,Customer 01042,+447700001042,Bristol,2025-06-12,active
1043,Customer 01043,+447700001043,Liverpool,2025-10-19,blocked
1044,Customer 01044,+447700001044,Bristol,2025-10-07,active
1045,Customer 01045,+447700001045,Edinburgh,2026-01-30,active
1046,Customer 01046,+447700001046,London,2025-10-28,active
1047,Customer 01047,+447700001047,London,2025-05-15,active
1048,Customer 01048,+447700001048,London,2025-01-31,blocked
1049,Customer 01049,+447700001049,Sheffield,2025-05-27,blocked
1050,Customer 01050,+447700001050,Liverpool,2025-12-26,blocked
1051,Customer 01051,+447700001051,Manchester,2025-11-24,active
1052,Customer 01052,+447700001052,Glasgow,2025-02-12,active
1053,Customer 01053,+447700001053,Manchester,2025-09-19,active
1054,Customer 01054,+447700001054,Birmingham,2025-10-02,active
1055,Customer 01055,+447700001055,Liverpool,2025-10-28,active
1056,Customer 01056,+447700001056,Glasgow,2025-12-24,blocked
1057,Customer 01057,+447700001057,Leeds,2025-01-30,active
1058,Customer 01058,+447700001058,Manchester,2025-08-11,active
1059,Customer 01059,+447700001059,Edinburgh,2025-11-10,active
1060,Customer 01060,+447700001060,Glasgow,2025-12-08,active
1061,Customer 01061,+447700001061,Manchester,2025-01-07,active
1062,Customer 01062,+447700001062,London,2025-03-25,blocked
1063,Customer 01063,+447700001063,Bristol,2025-09-25,active
1064,Customer 01064,+447700001064,Birmingham,2025-07-10,active
1065,Customer 01065,+447700001065,Glasgow,2026-01-11,active
1066,Customer 01066,+447700001066,London,2025-06-21,blocked
1067,Customer 01067,+447700001067,Glasgow,2025-09-26,active
1068,Customer 01068,+447700001068,Glasgow,2025-12-31,active
1069,Customer 01069,+447700001069,Edinburgh,2025-08-22,active
1070,Customer 01070,+447700001070,London,2025-09-13,active
1071,Customer 01071,+447700001071,Bristol,2025-03-22,active
1072,Customer 01072,+447700001072,Manchester,2025-10-21,active
1073,Customer 01073,+447700001073,Leeds,2026-01-15,active
1074,Customer 01074,+447700001074,London,2025-01-07,active
1075,Customer 01075,+447700001075,London,2025-08-30,active
1076,Customer 01076,+447700001076,Liverpool,2025-03-18,active
1077,Customer 01077,+447700001077,London,2025-10-11,blocked
1078,Customer 01078,+447700001078,Leeds,2025-06-14,active
1079,Customer 01079,+447700001079,Liverpool,2026-01-04,active
1080,Customer 01080,+447700001080,Glasgow,2025-02-09,active
1081,Customer 01081,+447700001081,Manchester,2025-09-15,active
1082,Customer 01082,+447700001082,Birmingham,2025-04-25,active
1083,Customer 01083,+447700001083,Liverpool,2025-02-05,blocked
1084,Customer 01084,+447700001084,Glasgow,2026-02-01,active
1085,Customer 01085,+447700001085,Bristol,2025-02-14,blocked
1086,Customer 01086,+447700001086,London,2025-07-08,active
1087,Customer 01087,+447700001087,Glasgow,2025-10-16,active
1088,Customer 01088,+447700001088,Cardiff,2025-05-05,blocked
1089,Customer 01089,+447700001089,Bristol,2025-10-30,blocked
1090,Customer 01090,+447700001090,Leeds,2026-01-11,active
1091,Customer 01091,+447700001091,Birmingham,2025-01-04,blocked
1092,Customer 01092,+447700001092,London,2025-04-30,active
1093,Customer 01093,+447700001093,London,2025-06-21,active
1094,Customer 01094,+447700001094,Liverpool,2026-01-13,active
1095,Customer 01095,+447700001095,Manchester,2025-04-16,active
1096,Customer 01096,+447700001096,Liverpool,2025-09-09,active
1097,Customer 01097,+447700001097,Birmingham,2025-12-31,active
1098,Customer 01098,+447700001098,Manchester,2025-01-23,active
1099,Customer 01099,+447700001099,Sheffield,2025-07-31,active
1100,Customer 01100,+447700001100,Edinburgh,2026-01-18,active
1101,Customer 01101,+447700001101,Cardiff,2025-02-18,active
1102,Customer 01102,+447700001102,Liverpool,2025-02-08,active
1103,Customer 01103,+447700001103,Liverpool,2025-12-06,active
1104,Customer 01104,+447700001104,Leeds,2025-05-30,active
1105,Customer 01105,+447700001105,Bristol,2025-07-21,active
1106,Customer 01106,+447700001106,Bristol,2025-08-20,active
1107,Customer 01107,+447700001107,Leeds,2025-02-08,active
1108,Customer 01108,+447700001108,Birmingham,2026-02-04,active
1109,Customer 01109,+447700001109,Birmingham,2025-02-24,active
1110,Customer 01110,+447700001110,Edinburgh,2025-08-27,active
1111,Customer 01111,+447700001111,Liverpool,2025-03-03,active
1112,Customer 01112,+447700001112,Leeds,2025-08-20,active
1113,Customer 01113,+447700001113,Edinburgh,2025-05-16,active
1114,Customer 01114,+447700001114,Manchester,2025-03-22,active
1115,Customer 01115,+447700001115,Cardiff,2025-01-21,active
1116,Customer 01116,+447700001116,Bristol,2025-03-17,active
1117,Customer 01117,+447700001117,Leeds,2025-07-02,blocked
1118,Customer 01118,+447700001118,Sheffield,2025-01-26,active
1119,Customer 01119,+447700001119,Glasgow,2025-03-31,active
1120,Customer 01120,+447700001120,Liverpool,2025-08-20,active
1121,Customer 01121,+447700001121,Manchester,2025-08-25,active
1122,Customer 01122,+447700001122,Birmingham,2025-03-04,active
1123,Customer 01123,+447700001123,London,2026-02-04,active
1124,Customer 01124,+447700001124,Birmingham,2025-04-12,blocked
1125,Customer 01125,+447700001125,Bristol,2025-12-18,active
1126,Customer 01126,+447700001126,Cardiff,2025-10-28,active
1127,Customer 01127,+447700001127,Manchester,2025-01-12,active
1128,Customer 01128,+447700001128,Leeds,2025-11-27,blocked
1129,Customer 01129,+447700001129,Birmingham,2025-02-17,active
1130,Customer 01130,+447700001130,Manchester,2025-01-22,blocked
1131,Customer 01131,+447700001131,London,2025-03-28,blocked
1132,Customer 01132,+447700001132,Liverpool,2025-09-12,active
1133,Customer 01133,+447700001133,Liverpool,2025-12-16,blocked
1134,Customer 01134,+447700001134,Birmingham,2025-07-01,active
1135,Customer 01135,+447700001135,Birmingham,2025-05-21,active
1136,Customer 01136,+447700001136,Edinburgh,2025-03-18,active
1137,Customer 01137,+447700001137,Cardiff,2025-11-14,active
1138,Customer 01138,+447700001138,Glasgow,2025-09-13,blocked
1139,Customer 01139,+447700001139,Sheffield,2025-09-03,active
1140,Customer 01140,+447700001140,Manchester,2025-05-24,blocked
1141,Customer 01141,+447700001141,Birmingham,2025-08-03,active
1142,Customer 01142,+447700001142,Sheffield,2025-05-08,active
1143,Customer 01143,+447700001143,Liverpool,2026-02-05,active
1144,Customer 01144,+447700001144,Edinburgh,2025-10-06,blocked
1145,Customer 01145,+447700001145,Bristol,2025-10-17,active
1146,Customer 01146,+447700001146,Liverpool,2025-05-19,active
1147,Customer 01147,+447700001147,London,2025-06-13,active
1148,Customer 01148,+447700001148,London,2026-02-03,active
1149,Customer 01149,+447700001149,London,2025-08-30,active
1150,Customer 01150,+447700001150,Cardiff,2025-04-30,active
1151,Customer 01151,+447700001151,Manchester,2025-05-07,active
1152,Customer 01152,+447700001152,Glasgow,2025-10-01,active
1153,Customer 01153,+447700001153,Leeds,2025-10-22,blocked
1154,Customer 01154,+447700001154,Bristol,2025-03-30,active
1155,Customer 01155,+447700001155,Leeds,2025-10-31,active
1156,Customer 01156,+447700001156,Bristol,2025-10-30,active
1157,Customer 01157,+447700001157,Bristol,2025-10-18,active
1158,Customer 01158,+447700001158,Cardiff,2025-04-07,blocked
1159,Customer 01159,+447700001159,Sheffield,2025-06-08,active
1160,Customer 01160,+447700001160,Edinburgh,2025-01-20,active
1161,Customer 01161,+447700001161,London,2025-04-30,active
1162,Customer 01162,+447700001162,London,2025-09-27,blocked
1163,Customer 01163,+447700001163,London,2025-06-19,active
1164,Customer 01164,+447700001164,Birmingham,2025-06-24,active
1165,Customer 01165,+447700001165,Bristol,2025-01-31,active
1166,Customer 01166,+447700001166,Birmingham,2025-10-28,active
1167,Customer 01167,+447700001167,Manchester,2025-09-27,active
1168,Customer 01168,+447700001168,Manchester,2025-07-11,blocked
1169,Customer 01169,+447700001169,Cardiff,2025-02-21,active
1170,Customer 01170,+447700001170,Glasgow,2025-06-15,active
1171,Customer 01171,+447700001171,Birmingham,2026-01-10,blocked
1172,Customer 01172,+447700001172,Edinburgh,2025-11-29,active
1173,Customer 01173,+447700001173,Birmingham,2025-12-29,active
1174,Customer 01174,+447700001174,Leeds,2025-12-07,active
1175,Customer 01175,+447700001175,Liverpool,2025-06-07,active
1176,Customer 01176,+447700001176,Birmingham,2025-04-01,active
1177,Customer 01177,+447700001177,Cardiff,2025-07-20,active
1178,Customer 01178,+447700001178,Birmingham,2025-11-05,active
1179,Customer 01179,+447700001179,Cardiff,2025-04-24,active
1180,Customer 01180,+447700001180,Edinburgh,2025-03-14,active
1181,Customer 01181,+447700001181,Manchester,2025-05-02,active
1182,Customer 01182,+447700001182,Bristol,2025-03-27,active
1183,Customer 01183,+447700001183,Bristol,2025-08-17,active
1184,Customer 01184,+447700001184,Glasgow,2025-04-18,active
1185,Customer 01185,+447700001185,Manchester,2025-06-29,active
1186,Customer 01186,+447700001186,Manchester,2026-01-04,active
1187,Customer 01187,+447700001187,London,2025-07-17,blocked
1188,Customer 01188,+447700001188,Liverpool,2025-03-27,blocked
1189,Customer 01189,+447700001189,Edinburgh,2025-07-13,active
1190,Customer 01190,+447700001190,Sheffield,2025-07-12,active
1191,Customer 01191,+447700001191,Edinburgh,2025-10-23,active
1192,Customer 01192,+447700001192,Birmingham,2025-08-20,active
1193,Customer 01193,+447700001193,London,2025-05-31,active
1194,Customer 01194,+447700001194,Bristol,2025-05-14,active
1195,Customer 01195,+447700001195,Manchester,2025-06-25,active
1196,Customer 01196,+447700001196,Liverpool,2025-03-24,active
1197,Customer 01197,+447700001197,Sheffield,2025-02-17,active
1198,Customer 01198,+447700001198,Cardiff,2025-11-11,blocked
1199,Customer 01199,+447700001199,London,2025-08-09,active
1200,Customer 01200,+447700001200,Cardiff,2025-08-11,active
1201,Customer 01201,+447700001201,London,2025-02-21,active
1202,Customer 01202,+447700001202,Leeds,2025-04-08,blocked
1203,Customer 01203,+447700001203,Sheffield,2026-01-05,active
1204,Customer 01204,+447700001204,Glasgow,2025-06-02,active
1205,Customer 01205,+447700001205,Manchester,2025-01-26,blocked
1206,Customer 01206,+447700001206,Cardiff,2025-10-09,blocked
1207,Customer 01207,+447700001207,Birmingham,2025-01-28,active
1208,Customer 01208,+447700001208,London,2025-08-07,active
1209,Customer 01209,+447700001209,Glasgow,2025-12-05,blocked
1210,Customer 01210,+447700001210,Leeds,2025-02-19,active
1211,Customer 01211,+447700001211,Leeds,2025-03-29,active
1212,Customer 01212,+447700001212,Manchester,2025-08-31,active
1213,Customer 01213,+447700001213,Glasgow,2025-07-23,blocked
1214,Customer 01214,+447700001214,Edinburgh,2025-12-05,active
1215,Customer 01215,+447700001215,Manchester,2025-11-25,blocked
1216,Customer 01216,+447700001216,Birmingham,2025-07-09,blocked
1217,Customer 01217,+447700001217,Bristol,2025-04-06,blocked
1218,Customer 01218,+447700001218,London,2025-05-15,blocked
1219,Customer 01219,+447700001219,Edinburgh,2025-05-15,active
1220,Customer 01220,+447700001220,Glasgow,2025-10-16,active
1221,Customer 01221,+447700001221,Birmingham,2026-01-21,active
1222,Customer 01222,+447700001222,Manchester,2025-12-09,active
1223,Customer 01223,+447700001223,Sheffield,2025-07-31,active
1224,Customer 01224,+447700001224,Sheffield,2025-02-01,blocked
1225,Customer 01225,+447700001225,Sheffield,2025-08-03,blocked
1226,Customer 01226,+447700001226,Cardiff,2025-05-01,blocked
1227,Customer 01227,+447700001227,Glasgow,2025-02-10,blocked
1228,Customer 01228,+447700001228,London,2025-09-15,active
1229,Customer 01229,+447700001229,Manchester,2026-01-23,blocked
1230,Customer 01230,+447700001230,Birmingham,2025-03-27,active
1231,Customer 01231,+447700001231,Leeds,2025-03-06,active
1232,Customer 01232,+447700001232,Liverpool,2025-02-10,blocked
1233,Customer 01233,+447700001233,Leeds,2025-11-18,active
1234,Customer 01234,+447700001234,Cardiff,2025-05-13,active
1235,Customer 01235,+447700001235,Manchester,2025-02-14,blocked
1236,Customer 01236,+447700001236,Sheffield,2025-07-23,active
1237,Customer 01237,+447700001237,Glasgow,2025-09-24,blocked
1238,Customer 01238,+447700001238,London,2025-12-25,blocked
1239,Customer 01239,+447700001239,Manchester,2025-08-01,active
1240,Customer 01240,+447700001240,Birmingham,2025-10-18,active
1241,Customer 01241,+447700001241,Manchester,2025-10-16,active
1242,Customer 01242,+447700001242,Glasgow,2025-10-02,active
1243,Customer 01243,+447700001243,Liverpool,2025-05-16,blocked
1244,Customer 01244,+447700001244,Edinburgh,2025-10-20,blocked
1245,Customer 01245,+447700001245,London,2025-03-30,active
1246,Customer 01246,+447700001246,Liverpool,2025-03-15,blocked
1247,Customer 01247,+447700001247,London,2025-07-22,active
1248,Customer 01248,+447700001248,Leeds,2025-01-26,blocked
1249,Customer 01249,+447700001249,Glasgow,2025-07-10,active
1250,Customer 01250,+447700001250,Bristol,2025-06-05,active
1251,Customer 01251,+447700001251,Glasgow,2025-09-09,active
1252,Customer 01252,+447700001252,Leeds,2025-03-10,active
1253,Customer 01253,+447700001253,Edinburgh,2026-02-01,active
1254,Customer 01254,+447700001254,Glasgow,2026-01-09,blocked
1255,Customer 01255,+447700001255,Cardiff,2025-11-27,active
1256,Customer 01256,+447700001256,Leeds,2025-08-15,active
1257,Customer 01257,+447700001257,Liverpool,2026-01-15,blocked
1258,Customer 01258,+447700001258,Sheffield,2025-07-11,active
1259,Customer 01259,+447700001259,Sheffield,2025-03-23,active
1260,Customer 01260,+447700001260,Glasgow,2025-12-30,blocked
1261,Customer 01261,+447700001261,Birmingham,2026-02-04,active
1262,Customer 01262,+447700001262,Birmingham,2025-04-09,active
1263,Customer 01263,+447700001263,London,2025-05-08,active
1264,Customer 01264,+447700001264,Edinburgh,2025-01-26,active
1265,Customer 01265,+447700001265,Leeds,2025-05-21,active
1266,Customer 01266,+447700001266,Edinburgh,2025-09-16,blocked
1267,Customer 01267,+447700001267,Manchester,2025-12-15,active
1268,Customer 01268,+447700001268,Leeds,2025-07-10,blocked
1269,Customer 01269,+447700001269,Cardiff,2025-08-17,active
1270,Customer 01270,+447700001270,Edinburgh,2025-10-28,active
1271,Customer 01271,+447700001271,Bristol,2025-03-25,active
1272,Customer 01272,+447700001272,Manchester,2025-05-26,active
1273,Customer 01273,+447700001273,Liverpool,2025-01-26,active
1274,Customer 01274,+447700001274,Cardiff,2026-02-04,active
1275,Customer 01275,+447700001275,Leeds,2025-11-28,active
1276,Customer 01276,+447700001276,Leeds,2025-05-18,blocked
1277,Customer 01277,+447700001277,Sheffield,2025-01-11,active
1278,Customer 01278,+447700001278,Edinburgh,2025-03-09,active
1279,Customer 01279,+447700001279,Cardiff,2025-01-05,active
1280,Customer 01280,+447700001280,Glasgow,2025-11-08,active
1281,Customer 01281,+447700001281,Glasgow,2025-08-05,blocked
1282,Customer 01282,+447700001282,Bristol,2025-08-24,active
1283,Customer 01283,+447700001283,Leeds,2025-08-27,active
1284,Customer 01284,+447700001284,Sheffield,2025-11-16,blocked
1285,Customer 01285,+447700001285,Cardiff,2025-02-22,active
1286,Customer 01286,+447700001286,Sheffield,2025-12-06,active
1287,Customer 01287,+447700001287,Sheffield,2025-11-28,active
1288,Customer 01288,+447700001288,Glasgow,2025-12-17,active
1289,Customer 01289,+447700001289,Edinburgh,2025-02-02,active
1290,Customer 01290,+447700001290,Glasgow,2025-11-24,active
1291,Customer 01291,+447700001291,Glasgow,2025-05-14,active
1292,Customer 01292,+447700001292,Leeds,2025-03-18,active
1293,Customer 01293,+447700001293,London,2025-11-04,blocked
1294,Customer 01294,+447700001294,Bristol,2025-12-15,active
1295,Customer 01295,+447700001295,London,2025-12-02,blocked
1296,Customer 01296,+447700001296,Glasgow,2025-05-13,blocked
1297,Customer 01297,+447700001297,Liverpool,2025-07-18,active
1298,Customer 01298,+447700001298,Cardiff,2025-12-29,active
1299,Customer 01299,+447700001299,Bristol,2026-01-07,active
1300,Customer 01300,+447700001300,Sheffield,2025-11-23,blocked
1301,Customer 01301,+447700001301,Bristol,2025-09-17,active
1302,Customer 01302,+447700001302,Birmingham,2025-12-03,active
1303,Customer 01303,+447700001303,Glasgow,2025-02-19,blocked
1304,Customer 01304,+447700001304,Birmingham,2026-01-15,active
1305,Customer 01305,+447700001305,Sheffield,2026-01-26,active
1306,Customer 01306,+447700001306,Bristol,2025-12-02,active
1307,Customer 01307,+447700001307,Leeds,2025-07-01,active
1308,Customer 01308,+447700001308,Glasgow,2025-08-04,active
1309,Customer 01309,+447700001309,Bristol,2025-05-14,active
1310,Customer 01310,+447700001310,Edinburgh,2025-03-02,blocked
1311,Customer 01311,+447700001311,London,2025-11-21,active
1312,Customer 01312,+447700001312,Edinburgh,2025-04-10,active
1313,Customer 01313,+447700001313,Liverpool,2025-09-29,active
1314,Customer 01314,+447700001314,Liverpool,2025-01-28,active
1315,Customer 01315,+447700001315,Birmingham,2025-04-13,active
1316,Customer 01316,+447700001316,Liverpool,2025-10-19,blocked
1317,Customer 01317,+447700001317,Birmingham,2025-06-11,active
1318,Customer 01318,+447700001318,Manchester,2025-09-07,active
1319,Customer 01319,+447700001319,Birmingham,2025-06-10,active
1320,Customer 01320,+447700001320,London,2025-08-20,active
1321,Customer 01321,+447700001321,Leeds,2026-01-25,active
1322,Customer 01322,+447700001322,Cardiff,2026-01-27,active
1323,Customer 01323,+447700001323,Edinburgh,2026-01-26,active
1324,Customer 01324,+447700001324,Birmingham,2025-11-11,blocked
1325,Customer 01325,+447700001325,Liverpool,2025-07-26,blocked
1326,Customer 01326,+447700001326,Edinburgh,2025-07-16,active
1327,Customer 01327,+447700001327,London,2025-10-01,active
1328,Customer 01328,+447700001328,Bristol,2025-01-08,active
1329,Customer 01329,+447700001329,Sheffield,2025-04-08,active
1330,Customer 01330,+447700001330,London,2025-11-17,active
1331,Customer 01331,+447700001331,Leeds,2025-12-22,active
1332,Customer 01332,+447700001332,Glasgow,2025-03-08,active
1333,Customer 01333,+447700001333,Liverpool,2025-09-15,active
1334,Customer 01334,+447700001334,Birmingham,2025-02-03,active
1335,Customer 01335,+447700001335,Glasgow,2025-05-29,blocked
1336,Customer 01336,+447700001336,Sheffield,2025-11-02,active
1337,Customer 01337,+447700001337,Liverpool,2025-12-18,active
1338,Customer 01338,+447700001338,Bristol,2025-09-08,active
1339,Customer 01339,+447700001339,Leeds,2025-03-26,blocked
1340,Customer 01340,+447700001340,London,2025-04-27,active
1341,Customer 01341,+447700001341,Birmingham,2025-04-19,active
1342,Customer 01342,+447700001342,Cardiff,2025-09-16,active
1343,Customer 01343,+447700001343,Manchester,2025-07-07,active
1344,Customer 01344,+447700001344,Liverpool,2025-11-24,active
1345,Customer 01345,+447700001345,Sheffield,2025-11-16,active
1346,Customer 01346,+447700001346,Cardiff,2025-01-25,active
1347,Customer 01347,+447700001347,London,2025-01-25,active
1348,Customer 01348,+447700001348,Liverpool,2025-08-16,blocked
1349,Customer 01349,+447700001349,Manchester,2025-10-08,active
1350,Customer 01350,+447700001350,Edinburgh,2025-12-26,active
1351,Customer 01351,+447700001351,Leeds,2025-12-22,active
1352,Customer 01352,+447700001352,Glasgow,2025-08-04,active
1353,Customer 01353,+447700001353,Sheffield,2025-05-19,active
1354,Customer 01354,+447700001354,Liverpool,2025-02-23,active
1355,Customer 01355,+447700001355,Glasgow,2025-02-28,active
1356,Customer 01356,+447700001356,Edinburgh,2025-04-12,active
1357,Customer 01357,+447700001357,Glasgow,2025-09-25,active
1358,Customer 01358,+447700001358,Bristol,2025-12-27,blocked
1359,Customer 01359,+447700001359,Glasgow,2025-03-24,active
1360,Customer 01360,+447700001360,Sheffield,2025-09-12,active
1361,Customer 01361,+447700001361,Edinburgh,2025-06-19,active
1362,Customer 01362,+447700001362,London,2025-01-07,active
1363,Customer 01363,+447700001363,Manchester,2025-10-21,blocked
1364,Customer 01364,+447700001364,Birmingham,2025-02-16,active
1365,Customer 01365,+447700001365,Manchester,2025-05-12,active
1366,Customer 01366,+447700001366,Edinburgh,2025-06-01,active
1367,Customer 01367,+447700001367,Edinburgh,2025-01-26,active
1368,Customer 01368,+447700001368,Birmingham,2025-01-21,active
1369,Customer 01369,+447700001369,Bristol,2025-12-13,active
1370,Customer 01370,+447700001370,Liverpool,2026-01-14,active
1371,Customer 01371,+447700001371,Manchester,2026-01-24,active
1372,Customer 01372,+447700001372,London,2025-03-12,active
1373,Customer 01373,+447700001373,Bristol,2025-07-03,blocked
1374,Customer 01374,+447700001374,Cardiff,2025-05-18,active
1375,Customer 01375,+447700001375,Bristol,2025-06-25,active
1376,Customer 01376,+447700001376,Manchester,2025-07-25,blocked
1377,Customer 01377,+447700001377,Edinburgh,2025-05-20,blocked
1378,Customer 01378,+447700001378,Edinburgh,2025-08-04,active
1379,Customer 01379,+447700001379,Manchester,2025-03-09,active
1380,Customer 01380,+447700001380,Birmingham,2025-02-23,blocked
1381,Customer 01381,+447700001381,Cardiff,2025-09-05,blocked
1382,Customer 01382,+447700001382,Birmingham,2025-11-09,blocked
1383,Customer 01383,+447700001383,Bristol,2025-11-10,active
1384,Customer 01384,+447700001384,Birmingham,2025-09-05,blocked
1385,Customer 01385,+447700001385,Manchester,2025-07-30,blocked
1386,Customer 01386,+447700001386,London,2025-02-02,active
1387,Customer 01387,+447700001387,Bristol,2025-01-07,active
1388,Customer 01388,+447700001388,Bristol,2025-09-23,active
1389,Customer 01389,+447700001389,Liverpool,2025-12-05,active
1390,Customer 01390,+447700001390,Edinburgh,2025-06-27,blocked
1391,Customer 01391,+447700001391,Birmingham,2025-10-13,active
1392,Customer 01392,+447700001392,London,2025-11-26,active
1393,Customer 01393,+447700001393,Sheffield,2025-08-29,blocked
1394,Customer 01394,+447700001394,Birmingham,2025-02-08,blocked
1395,Customer 01395,+447700001395,Bristol,2025-05-04,active
1396,Customer 01396,+447700001396,Glasgow,2025-01-26,active
1397,Customer 01397,+447700001397,Sheffield,2025-11-26,blocked
1398,Customer 01398,+447700001398,Liverpool,2025-05-01,active
1399,Customer 01399,+447700001399,Edinburgh,2025-08-16,blocked
1400,Customer 01400,+447700001400,Manchester,2025-09-13,blocked
1401,Customer 01401,+447700001401,Bristol,2025-03-02,blocked
1402,Customer 01402,+447700001402,London,2025-02-22,blocked
1403,Customer 01403,+447700001403,Liverpool,2025-01-19,active
1404,Customer 01404,+447700001404,Manchester,2025-11-06,active
1405,Customer 01405,+447700001405,Sheffield,2025-10-15,active
1406,Customer 01406,+447700001406,Edinburgh,2025-06-24,active
1407,Customer 01407,+447700001407,London,2025-04-25,blocked
1408,Customer 01408,+447700001408,Bristol,2025-10-14,blocked
1409,Customer 01409,+447700001409,Bristol,2026-01-02,blocked
1410,Customer 01410,+447700001410,Manchester,2025-02-19,active
1411,Customer 01411,+447700001411,London,2025-06-24,active
1412,Customer 01412,+447700001412,Glasgow,2025-10-08,active
1413,Customer 01413,+447700001413,Manchester,2025-01-24,active
1414,Customer 01414,+447700001414,Edinburgh,2025-03-13,blocked
1415,Customer 01415,+447700001415,Manchester,2025-05-11,active
1416,Customer 01416,+447700001416,Leeds,2025-03-03,blocked
1417,Customer 01417,+447700001417,Leeds,2025-08-23,active
1418,Customer 01418,+447700001418,Bristol,2025-02-25,blocked
1419,Customer 01419,+447700001419,London,2025-11-21,active
1420,Customer 01420,+447700001420,Edinburgh,2025-08-23,active
1421,Customer 01421,+447700001421,Edinburgh,2025-01-03,active
1422,Customer 01422,+447700001422,Sheffield,2025-08-10,blocked
1423,Customer 01423,+447700001423,Sheffield,2026-02-04,active
1424,Customer 01424,+447700001424,Cardiff,2025-03-30,active
1425,Customer 01425,+447700001425,Manchester,2025-07-18,active
1426,Customer 01426,+447700001426,Sheffield,2025-07-16,blocked
1427,Customer 01427,+447700001427,Cardiff,2025-12-21,active
1428,Customer 01428,+447700001428,Glasgow,2025-07-23,active
1429,Customer 01429,+447700001429,Glasgow,2025-08-20,active
1430,Customer 01430,+447700001430,Birmingham,2025-07-31,active
1431,Customer 01431,+447700001431,Sheffield,2025-06-10,active
1432,Customer 01432,+447700001432,Leeds,2025-04-18,active
1433,Customer 01433,+447700001433,Bristol,2025-12-11,active
1434,Customer 01434,+447700001434,Birmingham,2025-09-15,active
1435,Customer 01435,+447700001435,Manchester,2026-01-25,active
1436,Customer 01436,+447700001436,Sheffield,2025-09-03,blocked
1437,Customer 01437,+447700001437,Sheffield,2025-05-27,blocked
1438,Customer 01438,+447700001438,London,2025-09-25,active
1439,Customer 01439,+447700001439,London,2025-07-15,active
1440,Customer 01440,+447700001440,London,2025-12-10,active
1441,Customer 01441,+447700001441,Leeds,2025-05-17,active
1442,Customer 01442,+447700001442,Glasgow,2025-12-16,active
1443,Customer 01443,+447700001443,Birmingham,2025-02-01,active
1444,Customer 01444,+447700001444,Leeds,2026-01-21,active
1445,Customer 01445,+447700001445,Bristol,2025-08-20,active
1446,Customer 01446,+447700001446,Cardiff,2025-12-12,active
1447,Customer 01447,+447700001447,Sheffield,2025-07-19,active
1448,Customer 01448,+447700001448,Sheffield,2025-12-23,active
1449,Customer 01449,+447700001449,London,2025-07-15,blocked
1450,Customer 01450,+447700001450,Liverpool,2025-12-17,active
1451,Customer 01451,+447700001451,Sheffield,2025-01-28,active
1452,Customer 01452,+447700001452,Glasgow,2025-04-14,blocked
1453,Customer 01453,+447700001453,Leeds,2025-11-21,active
1454,Customer 01454,+447700001454,Cardiff,2025-10-07,active
1455,Customer 01455,+447700001455,Leeds,2025-05-31,blocked
1456,Customer 01456,+447700001456,Birmingham,2025-12-16,active
1457,Customer 01457,+447700001457,Birmingham,2025-03-30,active
1458,Customer 01458,+447700001458,Liverpool,2025-01-21,blocked
1459,Customer 01459,+447700001459,Glasgow,2025-10-12,active
1460,Customer 01460,+447700001460,Birmingham,2025-03-24,active
1461,Customer 01461,+447700001461,London,2025-06-19,blocked
1462,Customer 01462,+447700001462,Birmingham,2025-01-21,active
1463,Customer 01463,+447700001463,Bristol,2025-11-02,active
1464,Customer 01464,+447700001464,Cardiff,2025-12-05,active
1465,Customer 01465,+447700001465,Edinburgh,2025-10-21,active
1466,Customer 01466,+447700001466,Manchester,2025-12-29,active
1467,Customer 01467,+447700001467,Sheffield,2025-04-23,active
1468,Customer 01468,+447700001468,Sheffield,2025-02-04,active
1469,Customer 01469,+447700001469,Liverpool,2025-10-06,blocked
1470,Customer 01470,+447700001470,Manchester,2025-06-28,active
1471,Customer 01471,+447700001471,Leeds,2025-12-06,active
1472,Customer 01472,+447700001472,Bristol,2025-07-04,active
1473,Customer 01473,+447700001473,Leeds,2026-01-21,blocked
1474,Customer 01474,+447700001474,Sheffield,2026-01-21,active
1475,Customer 01475,+447700001475,Manchester,2025-12-09,active
1476,Customer 01476,+447700001476,Edinburgh,2025-05-04,active
1477,Customer 01477,+447700001477,London,2025-12-16,active
1478,Customer 01478,+447700001478,Liverpool,2025-02-28,blocked
1479,Customer 01479,+447700001479,Glasgow,2025-10-04,active
1480,Customer 01480,+447700001480,London,2025-09-22,active
1481,Customer 01481,+447700001481,Sheffield,2025-09-18,blocked
1482,Customer 01482,+447700001482,Edinburgh,2025-01-23,active
1483,Customer 01483,+447700001483,Leeds,2025-06-14,active
1484,Customer 01484,+447700001484,Manchester,2025-03-27,active
1485,Customer 01485,+447700001485,Manchester,2025-04-18,active
1486,Customer 01486,+447700001486,Liverpool,2025-02-23,active
1487,Customer 01487,+447700001487,Sheffield,2025-12-26,blocked
1488,Customer 01488,+447700001488,Manchester,2026-01-18,active
1489,Customer 01489,+447700001489,London,2025-08-24,active
1490,Customer 01490,+447700001490,London,2025-02-14,active
1491,Customer 01491,+447700001491,London,2025-04-02,active
1492,Customer 01492,+447700001492,Sheffield,2025-02-06,active
1493,Customer 01493,+447700001493,Glasgow,2025-07-28,blocked
1494,Customer 01494,+447700001494,Edinburgh,2025-11-19,blocked
1495,Customer 01495,+447700001495,Liverpool,2025-06-11,active
1496,Customer 01496,+447700001496,Liverpool,2025-12-11,active
1497,Customer 01497,+447700001497,Sheffield,2025-01-04,active
1498,Customer 01498,+447700001498,Cardiff,2025-01-24,active
1499,Customer 01499,+447700001499,Bristol,2025-09-15,active
1500,Customer 01500,+447700001500,Glasgow,2025-12-18,active
1501,Customer 01501,+447700001501,Cardiff,2025-02-14,active
1502,Customer 01502,+447700001502,Edinburgh,2025-07-15,blocked
1503,Customer 01503,+447700001503,London,2025-08-31,active
1504,Customer 01504,+447700001504,Sheffield,2025-04-23,active
1505,Customer 01505,+447700001505,Liverpool,2025-10-07,active
1506,Customer 01506,+447700001506,Birmingham,2025-06-02,active
1507,Customer 01507,+447700001507,London,2025-10-11,active
1508,Customer 01508,+447700001508,Manchester,2025-01-22,active
1509,Customer 01509,+447700001509,Cardiff,2025-11-02,blocked
1510,Customer 01510,+447700001510,Sheffield,2025-10-08,active
1511,Customer 01511,+447700001511,Glasgow,2025-04-18,active
1512,Customer 01512,+447700001512,Leeds,2025-07-31,active
1513,Customer 01513,+447700001513,Birmingham,2025-04-05,active
1514,Customer 01514,+447700001514,Cardiff,2025-05-10,active
1515,Customer 01515,+447700001515,Manchester,2025-04-03,active
1516,Customer 01516,+447700001516,Sheffield,2025-08-25,active
1517,Customer 01517,+447700001517,Glasgow,2025-12-10,active
1518,Customer 01518,+447700001518,Glasgow,2025-02-20,active
1519,Customer 01519,+447700001519,Cardiff,2025-09-07,active
1520,Customer 01520,+447700001520,Bristol,2025-03-07,active
1521,Customer 01521,+447700001521,Manchester,2025-05-26,active
1522,Customer 01522,+447700001522,Leeds,2025-06-12,blocked
1523,Customer 01523,+447700001523,Edinburgh,2025-06-18,active
1524,Customer 01524,+447700001524,Cardiff,2025-03-20,active
1525,Customer 01525,+447700001525,Bristol,2025-08-08,active
1526,Customer 01526,+447700001526,London,2025-06-10,active
1527,Customer 01527,+447700001527,Leeds,2025-12-31,blocked
1528,Customer 01528,+447700001528,Glasgow,2025-07-04,active
1529,Customer 01529,+447700001529,Bristol,2025-09-03,blocked
1530,Customer 01530,+447700001530,Edinburgh,2025-07-03,active
1531,Customer 01531,+447700001531,Edinburgh,2025-10-10,active
1532,Customer 01532,+447700001532,Birmingham,2025-11-27,active
1533,Customer 01533,+447700001533,Glasgow,2025-03-13,active
1534,Customer 01534,+447700001534,Glasgow,2026-01-11,active
1535,Customer 01535,+447700001535,Manchester,2025-01-10,active
1536,Customer 01536,+447700001536,Cardiff,2025-10-24,blocked
1537,Customer 01537,+447700001537,Cardiff,2025-04-19,active
1538,Customer 01538,+447700001538,Sheffield,2025-05-14,blocked
1539,Customer 01539,+447700001539,Birmingham,2025-07-07,blocked
1540,Customer 01540,+447700001540,Leeds,2026-01-31,active
1541,Customer 01541,+447700001541,Birmingham,2025-08-26,active
1542,Customer 01542,+447700001542,Liverpool,2025-07-06,active
1543,Customer 01543,+447700001543,Leeds,2025-11-11,active
1544,Customer 01544,+447700001544,Sheffield,2025-03-13,blocked
1545,Customer 01545,+447700001545,Birmingham,2025-04-02,active
1546,Customer 01546,+447700001546,Edinburgh,2025-07-03,active
1547,Customer 01547,+447700001547,Leeds,2026-01-25,blocked
1548,Customer 01548,+447700001548,Leeds,2025-02-02,active
1549,Customer 01549,+447700001549,Bristol,2025-04-30,active
1550,Customer 01550,+447700001550,Leeds,2025-09-23,active
1551,Customer 01551,+447700001551,Liverpool,2025-08-29,blocked
1552,Customer 01552,+447700001552,London,2025-01-21,active
1553,Customer 01553,+447700001553,Manchester,2025-12-27,active
1554,Customer 01554,+447700001554,Glasgow,2025-10-24,active
1555,Customer 01555,+447700001555,Liverpool,2025-12-01,blocked
1556,Customer 01556,+447700001556,Bristol,2025-10-28,active
1557,Customer 01557,+447700001557,Sheffield,2025-05-09,blocked
1558,Customer 01558,+447700001558,Leeds,2025-09-22,blocked
1559,Customer 01559,+447700001559,Bristol,2025-06-26,blocked
1560,Customer 01560,+447700001560,Edinburgh,2025-11-06,active
1561,Customer 01561,+447700001561,Sheffield,2025-03-13,blocked
1562,Customer 01562,+447700001562,Birmingham,2025-04-28,active
1563,Customer 01563,+447700001563,Sheffield,2025-11-26,active
1564,Customer 01564,+447700001564,Leeds,2025-03-18,active
1565,Customer 01565,+447700001565,Birmingham,2025-07-05,active
1566,Customer 01566,+447700001566,Leeds,2025-08-01,active
1567,Customer 01567,+447700001567,Manchester,2025-09-04,blocked
1568,Customer 01568,+447700001568,Edinburgh,2025-04-18,active
1569,Customer 01569,+447700001569,Liverpool,2025-01-12,active
1570,Customer 01570,+447700001570,London,2025-03-07,active
1571,Customer 01571,+447700001571,Birmingham,2025-11-19,active
1572,Customer 01572,+447700001572,Cardiff,2025-03-17,active
1573,Customer 01573,+447700001573,Birmingham,2025-05-13,active
1574,Customer 01574,+447700001574,Sheffield,2025-07-27,active
1575,Customer 01575,+447700001575,Glasgow,2025-02-13,active
1576,Customer 01576,+447700001576,Edinburgh,2025-11-07,blocked
1577,Customer 01577,+447700001577,Edinburgh,2025-03-29,active
1578,Customer 01578,+447700001578,Liverpool,2025-11-04,active
1579,Customer 01579,+447700001579,Cardiff,2026-01-28,active
1580,Customer 01580,+447700001580,Cardiff,2025-12-04,active
1581,Customer 01581,+447700001581,Birmingham,2026-01-06,active
1582,Customer 01582,+447700001582,Edinburgh,2025-11-02,active
1583,Customer 01583,+447700001583,Leeds,2025-07-13,blocked
1584,Customer 01584,+447700001584,Birmingham,2025-02-25,active
1585,Customer 01585,+447700001585,Leeds,2025-09-25,blocked
1586,Customer 01586,+447700001586,Birmingham,2025-11-07,active
1587,Customer 01587,+447700001587,Birmingham,2025-09-01,active
1588,Customer 01588,+447700001588,Sheffield,2025-09-15,active
1589,Customer 01589,+447700001589,Manchester,2025-09-04,active
1590,Customer 01590,+447700001590,Cardiff,2025-10-04,active
1591,Customer 01591,+447700001591,Liverpool,2025-09-25,blocked
1592,Customer 01592,+447700001592,Bristol,2025-01-23,blocked
1593,Customer 01593,+447700001593,Leeds,2025-09-04,blocked
1594,Customer 01594,+447700001594,Bristol,2025-10-29,active
1595,Customer 01595,+447700001595,Liverpool,2025-03-10,active
1596,Customer 01596,+447700001596,Edinburgh,2026-01-28,active
1597,Customer 01597,+447700001597,Manchester,2025-05-26,blocked
1598,Customer 01598,+447700001598,Glasgow,2025-04-07,active
1599,Customer 01599,+447700001599,London,2025-10-23,active
1600,Customer 01600,+447700001600,Sheffield,2025-01-04,blocked
1601,Customer 01601,+447700001601,Leeds,2025-12-19,active
1602,Customer 01602,+447700001602,Liverpool,2025-07-05,active
1603,Customer 01603,+447700001603,Birmingham,2025-08-07,active
1604,Customer 01604,+447700001604,Glasgow,2025-10-02,blocked
1605,Customer 01605,+447700001605,Cardiff,2025-07-07,active
1606,Customer 01606,+447700001606,Liverpool,2026-01-22,active
1607,Customer 01607,+447700001607,Liverpool,2025-10-10,blocked
1608,Customer 01608,+447700001608,Birmingham,2025-07-09,blocked
1609,Customer 01609,+447700001609,Glasgow,2025-06-07,active
1610,Customer 01610,+447700001610,Liverpool,2026-01-12,active
1611,Customer 01611,+447700001611,Manchester,2026-01-18,active
1612,Customer 01612,+447700001612,Edinburgh,2026-02-05,active
1613,Customer 01613,+447700001613,Manchester,2025-04-20,blocked
1614,Customer 01614,+447700001614,Bristol,2025-10-09,active
1615,Customer 01615,+447700001615,Birmingham,2025-07-19,active
1616,Customer 01616,+447700001616,Manchester,2025-03-16,blocked
1617,Customer 01617,+447700001617,Cardiff,2025-08-11,active
1618,Customer 01618,+447700001618,Manchester,2025-05-15,active
1619,Customer 01619,+447700001619,Bristol,2025-02-10,active
1620,Customer 01620,+447700001620,Liverpool,2025-07-25,active
1621,Customer 01621,+447700001621,Cardiff,2025-01-30,active
1622,Customer 01622,+447700001622,Edinburgh,2025-08-13,active
1623,Customer 01623,+447700001623,Leeds,2025-12-03,active
1624,Customer 01624,+447700001624,Leeds,2025-01-18,active
1625,Customer 01625,+447700001625,Cardiff,2025-03-28,active
1626,Customer 01626,+447700001626,Bristol,2025-05-03,active
1627,Customer 01627,+447700001627,Birmingham,2025-02-14,active
1628,Customer 01628,+447700001628,Liverpool,2025-06-30,blocked
1629,Customer 01629,+447700001629,Liverpool,2025-10-28,active
1630,Customer 01630,+447700001630,Sheffield,2025-01-08,active
1631,Customer 01631,+447700001631,Manchester,2025-10-09,active
1632,Customer 01632,+447700001632,Sheffield,2025-10-26,active
1633,Customer 01633,+447700001633,Bristol,2025-05-22,active
1634,Customer 01634,+447700001634,Cardiff,2025-04-10,blocked
1635,Customer 01635,+447700001635,Liverpool,2025-10-22,active
1636,Customer 01636,+447700001636,Glasgow,2025-03-31,blocked
1637,Customer 01637,+447700001637,Sheffield,2025-02-24,active
1638,Customer 01638,+447700001638,Sheffield,2025-05-31,active
1639,Customer 01639,+447700001639,Manchester,2025-09-20,active
1640,Customer 01640,+447700001640,Sheffield,2025-10-22,active
1641,Customer 01641,+447700001641,Edinburgh,2025-07-13,blocked
1642,Customer 01642,+447700001642,Leeds,2026-01-23,active
1643,Customer 01643,+447700001643,Edinburgh,2025-12-15,blocked
1644,Customer 01644,+447700001644,Cardiff,2025-01-15,blocked
1645,Customer 01645,+447700001645,Manchester,2025-05-13,active
1646,Customer 01646,+447700001646,Liverpool,2025-11-21,active
1647,Customer 01647,+447700001647,Leeds,2025-06-11,blocked
1648,Customer 01648,+447700001648,Bristol,2025-09-22,active
1649,Customer 01649,+447700001649,Glasgow,2025-05-08,active
1650,Customer 01650,+447700001650,Manchester,2025-07-24,active
1651,Customer 01651,+447700001651,Manchester,2025-10-11,active
1652,Customer 01652,+447700001652,Edinburgh,2025-06-10,active
1653,Customer 01653,+447700001653,Leeds,2025-10-21,active
1654,Customer 01654,+447700001654,Birmingham,2026-01-18,active
1655,Customer 01655,+447700001655,Edinburgh,2026-01-13,active
1656,Customer 01656,+447700001656,Leeds,2026-01-12,active
1657,Customer 01657,+447700001657,Glasgow,2025-04-16,active
1658,Customer 01658,+447700001658,Leeds,2025-05-08,active
1659,Customer 01659,+447700001659,Birmingham,2026-02-03,active
1660,Customer 01660,+447700001660,Manchester,2025-02-10,blocked
1661,Customer 01661,+447700001661,Cardiff,2025-01-04,active
1662,Customer 01662,+447700001662,Edinburgh,2025-07-10,active
1663,Customer 01663,+447700001663,Edinburgh,2025-10-22,active
1664,Customer 01664,+447700001664,Edinburgh,2025-04-04,active
1665,Customer 01665,+447700001665,Liverpool,2025-04-24,active
1666,Customer 01666,+447700001666,London,2025-09-27,blocked
1667,Customer 01667,+447700001667,Edinburgh,2025-10-04,active
1668,Customer 01668,+447700001668,Sheffield,2025-06-27,blocked
1669,Customer 01669,+447700001669,Birmingham,2025-08-23,active
1670,Customer 01670,+447700001670,Sheffield,2025-08-24,active
1671,Customer 01671,+447700001671,London,2025-01-07,active
1672,Customer 01672,+447700001672,Liverpool,2025-10-25,active
1673,Customer 01673,+447700001673,Bristol,2025-07-05,active
1674,Customer 01674,+447700001674,Birmingham,2025-10-08,active
1675,Customer 01675,+447700001675,Leeds,2025-05-18,blocked
1676,Customer 01676,+447700001676,Cardiff,2025-06-25,active
1677,Customer 01677,+447700001677,Birmingham,2025-09-13,blocked
1678,Customer 01678,+447700001678,Leeds,2025-08-03,active
1679,Customer 01679,+447700001679,Bristol,2025-07-25,active
1680,Customer 01680,+447700001680,Edinburgh,2025-04-03,active
1681,Customer 01681,+447700001681,Cardiff,2025-12-18,active
1682,Customer 01682,+447700001682,Manchester,2026-01-05,active
1683,Customer 01683,+447700001683,Leeds,2025-10-12,blocked
1684,Customer 01684,+447700001684,Liverpool,2025-04-11,active
1685,Customer 01685,+447700001685,Birmingham,2025-08-31,active
1686,Customer 01686,+447700001686,Birmingham,2025-08-04,blocked
1687,Customer 01687,+447700001687,Birmingham,2025-11-19,active
1688,Customer 01688,+447700001688,Edinburgh,2025-06-03,active
1689,Customer 01689,+447700001689,Sheffield,2025-10-18,active
1690,Customer 01690,+447700001690,Liverpool,2025-02-20,active
1691,Customer 01691,+447700001691,London,2025-04-21,active
1692,Customer 01692,+447700001692,Edinburgh,2025-11-19,active
1693,Customer 01693,+447700001693,Edinburgh,2026-01-17,active
1694,Customer 01694,+447700001694,Glasgow,2025-07-04,active
1695,Customer 01695,+447700001695,Sheffield,2025-10-13,active
1696,Customer 01696,+447700001696,Bristol,2025-01-11,blocked
1697,Customer 01697,+447700001697,Manchester,2025-06-29,active
1698,Customer 01698,+447700001698,Cardiff,2025-10-22,active
1699,Customer 01699,+447700001699,Glasgow,2025-07-01,active
1700,Customer 01700,+447700001700,Sheffield,2025-09-07,blocked
1701,Customer 01701,+447700001701,Manchester,2025-07-15,active
1702,Customer 01702,+447700001702,Edinburgh,2025-11-20,active
1703,Customer 01703,+447700001703,Birmingham,2025-11-24,active
1704,Customer 01704,+447700001704,Liverpool,2025-11-20,blocked
1705,Customer 01705,+447700001705,Manchester,2025-02-10,active
1706,Customer 01706,+447700001706,Bristol,2025-04-27,active
1707,Customer 01707,+447700001707,Bristol,2025-12-01,active
1708,Customer 01708,+447700001708,Glasgow,2025-11-06,blocked
1709,Customer 01709,+447700001709,Glasgow,2025-08-16,active
1710,Customer 01710,+447700001710,Cardiff,2025-09-24,blocked
1711,Customer 01711,+447700001711,Liverpool,2025-03-27,active
1712,Customer 01712,+447700001712,London,2025-03-06,active
1713,Customer 01713,+447700001713,Glasgow,2026-01-16,active
1714,Customer 01714,+447700001714,Leeds,2025-03-27,blocked
1715,Customer 01715,+447700001715,Manchester,2025-02-18,active
1716,Customer 01716,+447700001716,Edinburgh,2025-10-08,active
1717,Customer 01717,+447700001717,London,2026-01-30,blocked
1718,Customer 01718,+447700001718,Sheffield,2026-01-27,active
1719,Customer 01719,+447700001719,Manchester,2025-05-15,active
1720,Customer 01720,+447700001720,Manchester,2025-12-02,blocked
1721,Customer 01721,+447700001721,Glasgow,2025-04-28,active
1722,Customer 01722,+447700001722,Glasgow,2025-08-15,active
1723,Customer 01723,+447700001723,Birmingham,2025-09-27,active
1724,Customer 01724,+447700001724,London,2025-01-18,active
1725,Customer 01725,+447700001725,Bristol,2025-09-01,blocked
1726,Customer 01726,+447700001726,Sheffield,2025-05-20,blocked
1727,Customer 01727,+447700001727,Birmingham,2025-12-24,active
1728,Customer 01728,+447700001728,Cardiff,2025-11-02,blocked
1729,Customer 01729,+447700001729,Cardiff,2025-08-11,active
1730,Customer 01730,+447700001730,Bristol,2025-09-04,active
1731,Customer 01731,+447700001731,Manchester,2025-08-15,active
1732,Customer 01732,+447700001732,Bristol,2025-07-31,active
1733,Customer 01733,+447700001733,Birmingham,2025-06-05,active
1734,Customer 01734,+447700001734,London,2025-09-25,active
1735,Customer 01735,+447700001735,Bristol,2025-05-27,blocked
1736,Customer 01736,+447700001736,Sheffield,2025-01-05,blocked
1737,Customer 01737,+447700001737,Edinburgh,2025-06-03,active
1738,Customer 01738,+447700001738,Liverpool,2025-05-30,active
1739,Customer 01739,+447700001739,London,2025-10-08,active
1740,Customer 01740,+447700001740,Leeds,2025-07-30,blocked
1741,Customer 01741,+447700001741,Liverpool,2025-05-08,active
1742,Customer 01742,+447700001742,Liverpool,2025-07-13,active
1743,Customer 01743,+447700001743,Glasgow,2025-02-10,blocked
1744,Customer 01744,+447700001744,Leeds,2025-09-22,active
1745,Customer 01745,+447700001745,Glasgow,2025-11-29,active
1746,Customer 01746,+447700001746,Liverpool,2025-04-07,active
1747,Customer 01747,+447700001747,Birmingham,2025-03-11,active
1748,Customer 01748,+447700001748,Manchester,2025-11-23,blocked
1749,Customer 01749,+447700001749,Cardiff,2025-08-20,active
1750,Customer 01750,+447700001750,Cardiff,2025-09-09,active
1751,Customer 01751,+447700001751,Bristol,2025-01-10,active
1752,Customer 01752,+447700001752,London,2025-10-01,active
1753,Customer 01753,+447700001753,Birmingham,2025-02-22,active
1754,Customer 01754,+447700001754,Glasgow,2025-03-06,blocked
1755,Customer 01755,+447700001755,London,2025-04-30,active
1756,Customer 01756,+447700001756,Birmingham,2025-01-08,blocked
1757,Customer 01757,+447700001757,Leeds,2025-06-25,blocked
1758,Customer 01758,+447700001758,Glasgow,2025-09-13,active
1759,Customer 01759,+447700001759,Edinburgh,2025-12-23,active
1760,Customer 01760,+447700001760,Bristol,2025-02-11,active
1761,Customer 01761,+447700001761,London,2025-05-17,blocked
1762,Customer 01762,+447700001762,Manchester,2025-10-06,blocked
1763,Customer 01763,+447700001763,Birmingham,2025-04-09,active
1764,Customer 01764,+447700001764,Liverpool,2025-01-07,active
1765,Customer 01765,+447700001765,Leeds,2025-07-17,blocked
1766,Customer 01766,+447700001766,Leeds,2026-01-13,active
1767,Customer 01767,+447700001767,Leeds,2025-08-24,active
1768,Customer 01768,+447700001768,Sheffield,2025-12-07,active
1769,Customer 01769,+447700001769,Edinburgh,2025-07-19,active
1770,Customer 01770,+447700001770,Bristol,2025-03-23,active
1771,Customer 01771,+447700001771,Sheffield,2025-09-24,active
1772,Customer 01772,+447700001772,Glasgow,2025-09-04,active
1773,Customer 01773,+447700001773,Leeds,2025-07-04,active
1774,Customer 01774,+447700001774,Leeds,2025-02-27,active
1775,Customer 01775,+447700001775,Liverpool,2025-06-16,active
1776,Customer 01776,+447700001776,Birmingham,2025-05-22,active
1777,Customer 01777,+447700001777,Liverpool,2025-05-05,active
1778,Customer 01778,+447700001778,London,2025-10-25,blocked
1779,Customer 01779,+447700001779,Cardiff,2025-03-21,active
1780,Customer 01780,+447700001780,Manchester,2025-05-08,active
1781,Customer 01781,+447700001781,Edinburgh,2025-02-16,active
1782,Customer 01782,+447700001782,London,2025-01-31,active
1783,Customer 01783,+447700001783,Birmingham,2025-12-26,active
1784,Customer 01784,+447700001784,Birmingham,2025-09-07,active
1785,Customer 01785,+447700001785,Bristol,2025-10-13,active
1786,Customer 01786,+447700001786,Edinburgh,2026-01-11,active
1787,Customer 01787,+447700001787,London,2025-12-19,blocked
1788,Customer 01788,+447700001788,Bristol,2026-01-06,active
1789,Customer 01789,+447700001789,Glasgow,2025-01-21,blocked
1790,Customer 01790,+447700001790,Edinburgh,2025-10-14,active
1791,Customer 01791,+447700001791,Sheffield,2025-12-23,blocked
1792,Customer 01792,+447700001792,Leeds,2025-10-18,active
1793,Customer 01793,+447700001793,Sheffield,2025-06-28,active
1794,Customer 01794,+447700001794,Edinburgh,2025-05-21,active
1795,Customer 01795,+447700001795,Manchester,2025-09-29,active
1796,Customer 01796,+447700001796,Edinburgh,2025-06-01,active
1797,Customer 01797,+447700001797,Sheffield,2025-07-07,blocked
1798,Customer 01798,+447700001798,London,2026-02-02,blocked
1799,Customer 01799,+447700001799,Birmingham,2025-01-10,active
1800,Customer 01800,+447700001800,Cardiff,2025-05-03,active
1801,Customer 01801,+447700001801,Manchester,2025-12-04,blocked
1802,Customer 01802,+447700001802,Leeds,2025-09-26,blocked
1803,Customer 01803,+447700001803,Sheffield,2025-03-20,active
1804,Customer 01804,+447700001804,Bristol,2025-07-29,active
1805,Customer 01805,+447700001805,Manchester,2025-02-19,active
1806,Customer 01806,+447700001806,London,2025-03-08,active
1807,Customer 01807,+447700001807,London,2025-04-14,active
1808,Customer 01808,+447700001808,Edinburgh,2025-04-09,active
1809,Customer 01809,+447700001809,London,2025-10-20,blocked
1810,Customer 01810,+447700001810,Edinburgh,2025-09-27,active
1811,Customer 01811,+447700001811,London,2025-07-07,active
1812,Customer 01812,+447700001812,Cardiff,2026-01-03,active
1813,Customer 01813,+447700001813,London,2025-04-17,blocked
1814,Customer 01814,+447700001814,Manchester,2025-08-28,active
1815,Customer 01815,+447700001815,Bristol,2025-10-13,blocked
1816,Customer 01816,+447700001816,Bristol,2025-12-29,active
1817,Customer 01817,+447700001817,Cardiff,2025-05-17,active
1818,Customer 01818,+447700001818,Manchester,2025-06-05,active
1819,Customer 01819,+447700001819,Leeds,2025-09-23,active
1820,Customer 01820,+447700001820,Manchester,2026-01-07,active
1821,Customer 01821,+447700001821,Sheffield,2025-07-17,active
1822,Customer 01822,+447700001822,Leeds,2025-09-27,active
1823,Customer 01823,+447700001823,Cardiff,2025-11-17,active
1824,Customer 01824,+447700001824,Sheffield,2026-01-19,blocked
1825,Customer 01825,+447700001825,Manchester,2026-01-28,active
1826,Customer 01826,+447700001826,Edinburgh,2025-12-26,blocked
1827,Customer 01827,+447700001827,Manchester,2025-03-27,active
1828,Customer 01828,+447700001828,Sheffield,2025-07-25,active
1829,Customer 01829,+447700001829,Birmingham,2025-10-01,blocked
1830,Customer 01830,+447700001830,Bristol,2025-06-11,active
1831,Customer 01831,+447700001831,Bristol,2025-07-31,blocked
1832,Customer 01832,+447700001832,Bristol,2025-11-08,active
1833,Customer 01833,+447700001833,Cardiff,2025-10-07,active
1834,Customer 01834,+447700001834,Liverpool,2026-01-28,active
1835,Customer 01835,+447700001835,Bristol,2025-08-20,blocked
1836,Customer 01836,+447700001836,Liverpool,2025-01-01,active
1837,Customer 01837,+447700001837,Glasgow,2025-11-02,active
1838,Customer 01838,+447700001838,Sheffield,2025-03-11,active
1839,Customer 01839,+447700001839,London,2025-06-03,active
1840,Customer 01840,+447700001840,Leeds,2025-06-11,active
1841,Customer 01841,+447700001841,Glasgow,2025-10-11,active
1842,Customer 01842,+447700001842,Manchester,2025-01-20,blocked
1843,Customer 01843,+447700001843,Bristol,2025-03-21,active
1844,Customer 01844,+447700001844,Glasgow,2025-07-07,active
1845,Customer 01845,+447700001845,Leeds,2025-05-12,active
1846,Customer 01846,+447700001846,Manchester,2025-10-20,blocked
1847,Customer 01847,+447700001847,Cardiff,2025-04-22,active
1848,Customer 01848,+447700001848,Bristol,2025-09-05,active
1849,Customer 01849,+447700001849,Edinburgh,2025-12-20,active
1850,Customer 01850,+447700001850,Cardiff,2025-11-25,active
1851,Customer 01851,+447700001851,London,2026-01-10,blocked
1852,Customer 01852,+447700001852,Manchester,2026-02-04,active
1853,Customer 01853,+447700001853,Bristol,2025-06-28,blocked
1854,Customer 01854,+447700001854,Liverpool,2025-03-03,active
1855,Customer 01855,+447700001855,Cardiff,2025-01-06,blocked
1856,Customer 01856,+447700001856,London,2025-06-06,active
1857,Customer 01857,+447700001857,Bristol,2025-10-04,active
1858,Customer 01858,+447700001858,Bristol,2025-09-15,active
1859,Customer 01859,+447700001859,Birmingham,2025-01-26,blocked
1860,Customer 01860,+447700001860,Edinburgh,2026-01-21,active
1861,Customer 01861,+447700001861,Leeds,2025-08-10,active
1862,Customer 01862,+447700001862,Liverpool,2025-03-17,active
1863,Customer 01863,+447700001863,Bristol,2025-02-12,blocked
1864,Customer 01864,+447700001864,Cardiff,2026-01-17,active
1865,Customer 01865,+447700001865,Sheffield,2025-07-24,active
1866,Customer 01866,+447700001866,Manchester,2025-07-24,blocked
1867,Customer 01867,+447700001867,Birmingham,2026-01-26,active
1868,Customer 01868,+447700001868,Edinburgh,2025-10-14,active
1869,Customer 01869,+447700001869,Edinburgh,2025-07-22,active
1870,Customer 01870,+447700001870,Sheffield,2025-11-12,active
1871,Customer 01871,+447700001871,Leeds,2025-02-06,active
1872,Customer 01872,+447700001872,Liverpool,2025-06-15,active
1873,Customer 01873,+447700001873,Manchester,2025-12-10,blocked
1874,Customer 01874,+447700001874,Liverpool,2025-07-07,active
1875,Customer 01875,+447700001875,Leeds,2025-06-14,active
1876,Customer 01876,+447700001876,Cardiff,2025-12-02,active
1877,Customer 01877,+447700001877,Glasgow,2025-03-28,active
1878,Customer 01878,+447700001878,Cardiff,2025-08-15,active
1879,Customer 01879,+447700001879,Edinburgh,2025-01-23,active
1880,Customer 01880,+447700001880,Leeds,2025-12-17,active
1881,Customer 01881,+447700001881,Birmingham,2026-01-23,active
1882,Customer 01882,+447700001882,Manchester,2026-01-14,active
1883,Customer 01883,+447700001883,Leeds,2025-11-14,active
1884,Customer 01884,+447700001884,Glasgow,2025-01-08,active
1885,Customer 01885,+447700001885,Manchester,2025-06-06,blocked
1886,Customer 01886,+447700001886,Edinburgh,2025-01-12,active
1887,Customer 01887,+447700001887,Leeds,2026-01-14,active
1888,Customer 01888,+447700001888,Leeds,2025-10-07,active
1889,Customer 01889,+447700001889,Sheffield,2025-09-05,active
1890,Customer 01890,+447700001890,London,2025-07-12,active
1891,Customer 01891,+447700001891,Glasgow,2025-03-29,active
1892,Customer 01892,+447700001892,Glasgow,2025-04-13,active
1893,Customer 01893,+447700001893,London,2025-08-27,active
1894,Customer 01894,+447700001894,Manchester,2025-07-18,active
1895,Customer 01895,+447700001895,Bristol,2025-02-25,active
1896,Customer 01896,+447700001896,Glasgow,2025-11-29,blocked
1897,Customer 01897,+447700001897,Leeds,2025-07-14,active
1898,Customer 01898,+447700001898,Bristol,2025-09-06,active
1899,Customer 01899,+447700001899,Birmingham,2025-04-12,blocked
1900,Customer 01900,+447700001900,Sheffield,2025-12-31,active
1901,Customer 01901,+447700001901,London,2025-05-07,active
1902,Customer 01902,+447700001902,Bristol,2025-09-08,blocked
1903,Customer 01903,+447700001903,Birmingham,2025-01-10,active
1904,Customer 01904,+447700001904,Bristol,2025-07-01,active
1905,Customer 01905,+447700001905,Leeds,2025-09-14,active
1906,Customer 01906,+447700001906,London,2025-11-17,active
1907,Customer 01907,+447700001907,Liverpool,2025-01-16,active
1908,Customer 01908,+447700001908,Leeds,2025-03-19,active
1909,Customer 01909,+447700001909,Liverpool,2025-12-03,active
1910,Customer 01910,+447700001910,Manchester,2026-01-09,blocked
1911,Customer 01911,+447700001911,Sheffield,2025-12-14,active
1912,Customer 01912,+447700001912,Liverpool,2025-05-04,active
1913,Customer 01913,+447700001913,Liverpool,2025-06-09,active
1914,Customer 01914,+447700001914,Edinburgh,2025-10-05,active
1915,Customer 01915,+447700001915,Leeds,2025-12-01,active
1916,Customer 01916,+447700001916,Cardiff,2025-10-05,active
1917,Customer 01917,+447700001917,Birmingham,2025-06-08,active
1918,Customer 01918,+447700001918,Liverpool,2026-01-30,active
1919,Customer 01919,+447700001919,Cardiff,2025-03-22,active
1920,Customer 01920,+447700001920,Manchester,2025-10-13,active
1921,Customer 01921,+447700001921,Birmingham,2025-06-12,active
1922,Customer 01922,+447700001922,London,2026-01-27,active
1923,Customer 01923,+447700001923,Liverpool,2025-07-30,active
1924,Customer 01924,+447700001924,Edinburgh,2026-01-17,active
1925,Customer 01925,+447700001925,Birmingham,2026-02-03,active
1926,Customer 01926,+447700001926,Manchester,2025-03-09,active
1927,Customer 01927,+447700001927,London,2026-01-26,active
1928,Customer 01928,+447700001928,Cardiff,2025-10-18,active
1929,Customer 01929,+447700001929,Cardiff,2025-04-29,active
1930,Customer 01930,+447700001930,London,2025-07-03,active
1931,Customer 01931,+447700001931,Edinburgh,2025-03-10,blocked
1932,Customer 01932,+447700001932,Bristol,2025-04-05,blocked
1933,Customer 01933,+447700001933,Edinburgh,2025-08-31,active
1934,Customer 01934,+447700001934,Birmingham,2025-04-09,active
1935,Customer 01935,+447700001935,London,2025-07-29,active
1936,Customer 01936,+447700001936,Glasgow,2025-07-31,active
1937,Customer 01937,+447700001937,Leeds,2026-01-23,active
1938,Customer 01938,+447700001938,Manchester,2025-04-01,blocked
1939,Customer 01939,+447700001939,Cardiff,2025-09-08,active
1940,Customer 01940,+447700001940,Edinburgh,2025-05-07,blocked
1941,Customer 01941,+447700001941,Liverpool,2026-02-02,active
1942,Customer 01942,+447700001942,Cardiff,2026-01-12,blocked
1943,Customer 01943,+447700001943,Bristol,2025-07-21,active
1944,Customer 01944,+447700001944,Sheffield,2025-02-25,blocked
1945,Customer 01945,+447700001945,Edinburgh,2025-01-22,active
1946,Customer 01946,+447700001946,Sheffield,2025-10-03,blocked
1947,Customer 01947,+447700001947,London,2025-10-13,blocked
1948,Customer 01948,+447700001948,Sheffield,2026-01-27,active
1949,Customer 01949,+447700001949,Leeds,2025-05-30,blocked
1950,Customer 01950,+447700001950,Liverpool,2025-06-05,active
1951,Customer 01951,+447700001951,Edinburgh,2025-03-27,blocked
1952,Customer 01952,+447700001952,Glasgow,2025-11-10,active
1953,Customer 01953,+447700001953,Sheffield,2025-03-14,blocked
1954,Customer 01954,+447700001954,Edinburgh,2025-02-16,active
1955,Customer 01955,+447700001955,Birmingham,2026-02-03,active
1956,Customer 01956,+447700001956,Liverpool,2025-07-31,active
1957,Customer 01957,+447700001957,Edinburgh,2025-01-13,active
1958,Customer 01958,+447700001958,Edinburgh,2025-10-30,active
1959,Customer 01959,+447700001959,Edinburgh,2025-02-16,active
1960,Customer 01960,+447700001960,Bristol,2025-12-21,active
1961,Customer 01961,+447700001961,Manchester,2025-02-16,active
1962,Customer 01962,+447700001962,Edinburgh,2025-11-21,active
1963,Customer 01963,+447700001963,Manchester,2025-09-26,blocked
1964,Customer 01964,+447700001964,Sheffield,2025-11-10,active
1965,Customer 01965,+447700001965,Liverpool,2025-10-09,blocked
1966,Customer 01966,+447700001966,London,2026-01-29,active
1967,Customer 01967,+447700001967,Bristol,2025-10-17,active
1968,Customer 01968,+447700001968,Birmingham,2025-03-16,active
1969,Customer 01969,+447700001969,London,2025-08-03,active
1970,Customer 01970,+447700001970,Glasgow,2026-01-09,blocked
1971,Customer 01971,+447700001971,Glasgow,2025-11-17,active
1972,Customer 01972,+447700001972,Manchester,2025-03-09,active
1973,Customer 01973,+447700001973,London,2025-11-15,active
1974,Customer 01974,+447700001974,London,2025-08-23,blocked
1975,Customer 01975,+447700001975,Edinburgh,2025-10-06,active
1976,Customer 01976,+447700001976,Cardiff,2025-09-10,active
1977,Customer 01977,+447700001977,Leeds,2025-10-29,blocked
1978,Customer 01978,+447700001978,Edinburgh,2025-07-29,blocked
1979,Customer 01979,+447700001979,Manchester,2025-11-04,active
1980,Customer 01980,+447700001980,Leeds,2025-10-08,active
1981,Customer 01981,+447700001981,Cardiff,2025-11-18,active
1982,Customer 01982,+447700001982,London,2025-04-05,active
1983,Customer 01983,+447700001983,London,2025-12-01,active
1984,Customer 01984,+447700001984,London,2025-03-16,active
1985,Customer 01985,+447700001985,Cardiff,2025-11-05,active
1986,Customer 01986,+447700001986,Bristol,2025-02-14,active
1987,Customer 01987,+447700001987,Manchester,2025-08-02,active
1988,Customer 01988,+447700001988,Birmingham,2025-12-11,active
1989,Customer 01989,+447700001989,Cardiff,2025-12-05,active
1990,Customer 01990,+447700001990,Edinburgh,2026-01-19,active
1991,Customer 01991,+447700001991,London,2025-02-17,active
1992,Customer 01992,+447700001992,Bristol,2025-07-08,blocked
1993,Customer 01993,+447700001993,Manchester,2026-01-24,blocked
1994,Customer 01994,+447700001994,Sheffield,2025-02-03,active
1995,Customer 01995,+447700001995,Edinburgh,2025-03-10,active
1996,Customer 01996,+447700001996,Glasgow,2025-06-18,blocked
1997,Customer 01997,+447700001997,Sheffield,2025-04-18,active
1998,Customer 01998,+447700001998,Cardiff,2025-01-30,active
1999,Customer 01999,+447700001999,Cardiff,2026-01-09,active
2000,Customer 02000,+447700002000,Edinburgh,2026-01-06,active
