plan_id,customer_id,merchant_id,basket_amount_pence,deposit_amount_pence,term_months,created_at
1,532,34,65000,0,4,2025-08-07
2,1810,40,120000,0,3,2025-09-10
3,1511,14,8000,800,6,2025-03-02
4,1414,19,90000,0,3,2025-01-06
5,1571,1,65000,0,4,2025-09-17
6,1889,31,120000,0,4,2025-06-19
7,948,27,40000,8000,12,2025-11-18
8,695,25,25000,0,3,2025-03-18
9,1445,21,8000,0,4,2025-11-01
10,443,34,25000,5000,6,2025-05-02
11,390,22,8000,800,6,2025-09-17
12,1462,34,8000,1600,6,2026-01-06
13,47,37,90000,0,4,2025-12-04
14,1583,29,25000,5000,12,2025-05-27
15,1176,16,120000,0,4,2025-12-27
16,217,25,8000,800,6,2025-03-08
17,1995,30,90000,9000,12,2026-01-24
18,295,40,15000,0,3,2025-08-29
19,1616,21,90000,0,4,2025-12-25
20,579,23,40000,4000,6,2025-06-29
21,821,38,25000,5000,12,2026-02-10
22,1607,28,15000,3000,12,2025-06-24
23,1404,39,8000,800,12,2025-07-27
24,401,14,65000,13000,12,2025-07-19
25,1441,36,8000,0,3,2025-10-09
26,1281,21,15000,3000,6,2025-01-16
27,1728,24,15000,3000,12,2025-03-13
28,1831,39,90000,18000,6,2025-03-12
29,1184,32,15000,1500,6,2025-04-26
30,232,38,40000,0,4,2025-10-18
31,503,31,8000,800,12,2025-09-22
32,593,11,120000,0,4,2025-06-30
33,1345,19,65000,0,3,2025-03-28
34,1744,18,15000,1500,12,2025-02-12
35,703,6,15000,1500,12,2025-09-06
36,108,11,25000,0,3,2025-11-25
37,778,25,120000,12000,12,2026-01-18
38,200,35,25000,2500,12,2025-12-14
39,1584,16,65000,13000,6,2025-12-02
40,843,7,8000,0,3,2026-03-02
41,396,3,25000,0,4,2026-01-07
42,770,37,120000,12000,12,2025-02-14
43,568,4,120000,0,3,2025-03-24
44,903,5,25000,0,3,2026-02-21
45,295,35,40000,0,3,2025-11-27
46,72,5,25000,0,3,2026-01-02
47,1911,3,90000,0,3,2025-12-01
48,1056,32,65000,0,3,2025-07-20
49,1162,35,40000,4000,6,2025-01-02
50,165,30,65000,0,4,2025-07-07
51,613,25,90000,0,3,2025-07-16
52,287,3,40000,0,3,2025-11-20
53,1024,35,120000,24000,12,2025-02-02
54,1895,5,65000,0,3,2026-01-15
55,30,12,90000,0,3,2025-05-05
56,1675,7,15000,1500,12,2025-11-09
57,1215,12,15000,0,3,2026-02-11
58,1427,24,40000,0,3,2026-01-23
59,1593,11,8000,1600,12,2025-03-10
60,1222,12,65000,0,3,2025-03-31
61,394,8,8000,800,12,2025-08-03
62,111,24,15000,0,3,2025-04-01
63,214,4,120000,12000,6,2025-11-12
64,859,13,90000,18000,6,2025-05-01
65,770,15,90000,9000,6,2025-05-02
66,1998,18,15000,0,4,2026-01-04
67,857,11,8000,1600,6,2025-03-11
68,1766,14,120000,24000,12,2025-07-30
69,872,34,8000,800,6,2025-01-23
70,272,23,90000,9000,6,2025-12-21
71,2000,30,90000,9000,12,2025-10-20
72,873,18,8000,0,4,2025-09-29
73,1819,4,90000,0,4,2025-09-21
74,284,22,90000,0,3,2025-10-15
75,657,23,90000,0,3,2026-01-21
76,927,32,25000,0,4,2025-02-02
77,386,30,25000,0,3,2025-11-14
78,230,10,15000,0,4,2025-02-25
79,971,23,65000,0,3,2025-12-16
80,1710,34,8000,0,3,2025-02-02
81,938,20,65000,13000,12,2025-09-06
82,1267,11,40000,0,3,2025-05-26
83,331,16,90000,0,3,2026-03-06
84,1364,21,65000,0,3,2025-04-16
85,249,2,15000,3000,12,2025-10-04
86,1638,37,65000,0,3,2026-01-22
87,286,36,40000,0,3,2026-01-10
88,1246,13,25000,0,3,2025-02-17
89,1387,6,8000,1600,12,2025-01-12
90,720,20,25000,0,4,2025-01-07
91,336,28,40000,0,4,2026-02-16
92,136,38,25000,5000,6,2025-04-17
93,409,12,40000,4000,12,2025-10-12
94,538,20,8000,0,3,2026-02-10
95,59,8,15000,1500,6,2025-08-02
96,765,33,90000,9000,6,2025-11-18
97,732,11,90000,0,3,2025-08-25
98,1053,13,65000,0,3,2025-05-30
99,1694,20,25000,0,4,2025-10-06
100,764,32,15000,3000,12,2025-01-07
101,639,24,40000,0,4,2025-01-09
102,456,9,90000,0,3,2025-01-15
103,161,28,15000,0,3,2025-03-06
104,403,7,40000,4000,6,2026-02-01
105,1374,23,15000,0,3,2025-10-28
106,1035,37,15000,1500,12,2025-06-30
107,1054,15,40000,0,3,2025-07-14
108,1016,24,65000,0,3,2025-02-26
109,936,39,8000,1600,6,2025-09-10
110,368,1,120000,24000,6,2025-02-05
111,1519,11,40000,4000,6,2025-03-15
112,1549,26,120000,24000,12,2026-01-01
113,1287,9,40000,4000,6,2025-05-09
114,1557,5,65000,0,3,2025-11-15
115,1034,17,90000,18000,6,2025-05-31
116,942,3,120000,24000,6,2025-06-11
117,975,36,65000,13000,12,2025-12-04
118,263,24,8000,800,12,2025-02-01
119,1214,6,90000,0,4,2025-05-01
120,77,30,8000,1600,12,2025-03-28
121,689,32,90000,0,3,2025-02-21
122,1018,5,40000,0,3,2025-07-06
123,1648,15,25000,5000,12,2025-01-25
124,410,27,90000,18000,12,2025-08-10
125,493,10,40000,0,3,2025-07-06
126,1299,14,120000,0,3,2025-06-13
127,832,16,90000,9000,12,2025-05-12
128,114,6,40000,0,3,2026-01-05
129,813,9,90000,0,3,2025-07-06
130,1584,21,15000,1500,12,2025-02-16
131,1433,8,8000,1600,6,2025-10-29
132,1683,20,90000,0,4,2025-09-01
133,1850,8,25000,0,4,2025-07-16
134,185,16,25000,0,4,2025-07-21
135,1775,6,8000,0,4,2026-02-09
136,1689,11,40000,0,3,2026-01-03
137,929,2,90000,18000,12,2025-11-05
138,324,16,8000,0,3,2025-10-22
139,534,12,40000,0,3,2025-08-20
140,373,26,40000,0,4,2025-02-13
141,537,11,40000,0,3,2025-02-15
142,1472,34,8000,0,3,2025-10-18
143,391,18,90000,0,3,2025-04-25
144,1229,14,120000,0,3,2025-08-09
145,59,19,40000,0,3,2025-04-03
146,22,31,65000,6500,6,2025-07-09
147,107,22,8000,800,12,2025-02-07
148,1906,22,15000,3000,12,2025-05-14
149,1849,17,25000,5000,6,2026-01-18
150,109,13,15000,3000,12,2026-01-27
151,1834,32,40000,4000,6,2025-12-28
152,370,11,15000,0,4,2025-02-17
153,1574,32,8000,0,3,2025-08-02
154,808,24,90000,0,3,2025-12-15
155,930,18,8000,1600,6,2025-01-15
156,1642,19,120000,0,3,2025-04-19
157,365,16,40000,0,4,2025-02-17
158,1326,10,40000,8000,6,2025-03-25
159,1003,29,25000,2500,12,2026-03-03
160,890,28,25000,2500,12,2026-02-20
161,305,9,8000,1600,6,2025-08-12
162,1046,28,65000,0,3,2025-01-24
163,1575,33,65000,0,3,2025-05-11
164,853,20,8000,0,3,2025-07-21
165,433,12,120000,0,3,2025-06-24
166,28,11,8000,800,6,2025-01-10
167,257,9,25000,0,3,2026-02-16
168,1331,16,40000,0,3,2025-04-18
169,971,28,40000,0,3,2026-01-30
170,413,19,8000,800,6,2025-08-30
171,76,32,120000,24000,6,2025-08-01
172,1829,27,8000,0,4,2025-10-11
173,331,19,40000,0,3,2025-12-24
174,1204,22,65000,0,3,2025-04-29
175,1707,24,90000,18000,6,2026-01-06
176,1241,32,15000,0,3,2025-03-30
177,735,17,8000,0,3,2025-10-13
178,882,8,8000,0,4,2026-02-18
179,1576,3,120000,0,4,2025-06-24
180,1997,7,120000,12000,6,2025-08-13
181,1451,29,15000,0,4,2025-07-05
182,252,13,120000,0,3,2025-06-21
183,588,33,120000,24000,6,2026-03-04
184,1613,15,120000,24000,12,2025-03-19
185,889,4,40000,0,3,2025-06-11
186,859,26,90000,18000,12,2025-11-20
187,1429,23,15000,3000,12,2025-11-26
188,438,6,65000,0,4,2025-09-24
189,495,20,120000,24000,12,2025-01-15
190,718,20,15000,1500,12,2025-06-23
191,871,9,8000,0,3,2025-02-11
192,1786,17,65000,13000,6,2025-12-13
193,265,33,15000,3000,6,2025-09-16
194,1233,27,25000,0,3,2025-10-14
195,767,20,25000,0,4,2025-03-02
196,442,12,25000,0,4,2025-01-25
197,856,31,120000,0,3,2025-02-04
198,1561,9,120000,12000,12,2025-09-01
199,1323,6,8000,1600,6,2025-10-04
200,1538,31,65000,0,3,2025-10-19
201,503,38,25000,0,3,2025-01-10
202,697,28,120000,0,3,2025-09-09
203,204,35,8000,0,3,2025-05-12
204,629,27,8000,0,3,2026-01-29
205,611,25,90000,0,3,2025-01-14
206,415,16,8000,0,3,2026-02-28
207,652,30,25000,0,3,2025-02-28
208,1872,2,90000,0,3,2025-07-28
209,172,33,65000,13000,6,2025-06-05
210,1338,11,8000,1600,6,2025-01-22
211,616,6,15000,1500,12,2025-01-24
212,33,9,15000,3000,6,2025-06-24
213,1103,6,90000,18000,6,2025-10-12
214,793,12,65000,0,4,2026-02-28
215,454,2,40000,0,3,2025-04-09
216,1656,15,65000,0,4,2026-02-22
217,15,13,90000,9000,12,2025-09-10
218,1805,34,25000,2500,12,2025-03-07
219,1015,24,90000,18000,12,2025-03-04
220,1511,15,120000,0,3,2025-10-20
221,637,5,15000,0,4,2025-04-11
222,1722,17,8000,1600,12,2026-02-18
223,1933,5,120000,0,3,2025-09-24
224,1996,4,8000,0,3,2025-10-24
225,1883,29,15000,0,3,2026-02-05
226,197,40,120000,24000,6,2025-05-31
227,696,2,65000,0,3,2025-11-14
228,1215,13,8000,800,12,2025-02-22
229,638,38,65000,13000,6,2025-06-09
230,118,16,8000,800,12,2025-07-08
231,1262,20,65000,0,4,2025-10-24
232,1309,15,15000,0,3,2025-09-11
233,1654,25,90000,0,4,2025-09-04
234,1137,8,25000,0,3,2025-02-07
235,406,19,8000,0,3,2025-01-23
236,402,2,15000,0,3,2025-10-11
237,777,8,90000,0,3,2026-03-02
238,1354,11,25000,0,4,2025-05-03
239,393,35,120000,0,3,2025-03-08
240,1563,40,15000,0,3,2025-11-22
241,1788,9,8000,0,4,2025-05-07
242,343,33,90000,9000,12,2026-02-09
243,1466,32,25000,5000,12,2025-12-31
244,871,25,15000,0,4,2025-07-22
245,911,34,8000,0,4,2026-01-20
246,753,32,40000,8000,6,2025-08-19
247,1847,6,8000,0,4,2025-11-27
248,79,35,8000,0,4,2025-03-02
249,391,39,120000,0,4,2026-01-17
250,1684,38,25000,5000,6,2026-02-26
251,972,15,90000,0,3,2025-04-27
252,1733,13,8000,0,4,2026-02-10
253,285,37,8000,0,4,2025-10-13
254,1405,26,15000,3000,6,2025-06-23
255,781,14,65000,13000,12,2025-06-19
256,55,12,120000,24000,12,2025-01-17
257,227,9,40000,0,3,2025-07-30
258,635,28,15000,0,3,2025-04-16
259,565,13,15000,3000,12,2025-10-28
260,801,40,90000,0,4,2025-06-27
261,788,12,90000,18000,6,2025-11-13
262,1366,5,65000,0,4,2025-11-18
263,1034,21,8000,0,3,2025-07-08
264,150,30,8000,800,6,2025-09-17
265,670,30,90000,0,3,2025-02-28
266,965,18,40000,0,3,2026-01-01
267,1095,26,25000,0,3,2025-04-01
268,444,3,25000,0,3,2025-08-14
269,800,20,90000,9000,12,2026-03-05
270,410,6,25000,0,3,2025-05-08
271,1483,11,8000,0,3,2025-04-23
272,1923,28,15000,3000,12,2025-11-16
273,940,15,40000,0,3,2025-01-07
274,209,35,120000,24000,12,2025-06-04
275,784,33,65000,13000,12,2025-01-10
276,414,10,40000,0,4,2025-07-11
277,1319,3,25000,0,4,2025-03-10
278,497,14,25000,0,4,2026-01-11
279,133,32,40000,0,3,2025-04-04
280,484,33,15000,1500,12,2025-02-16
281,1558,10,40000,8000,6,2025-08-30
282,1133,12,65000,0,3,2025-11-01
283,148,22,40000,8000,12,2025-05-26
284,1313,38,40000,0,4,2025-07-16
285,1044,32,120000,0,4,2026-01-30
286,979,3,15000,0,3,2026-01-12
287,521,16,65000,6500,6,2025-05-14
288,1062,13,65000,0,3,2025-12-28
289,1201,20,25000,5000,12,2025-12-21
290,345,32,25000,0,3,2025-12-24
291,382,9,15000,0,4,2025-03-29
292,1536,12,15000,0,3,2025-04-06
293,1779,11,90000,9000,12,2025-08-14
294,770,39,120000,0,3,2025-09-25
295,690,24,25000,5000,12,2026-01-23
296,1789,22,8000,0,4,2025-11-09
297,1780,34,65000,0,3,2025-01-14
298,1353,13,90000,18000,6,2025-11-13
299,714,28,40000,4000,6,2025-11-07
300,262,32,65000,6500,12,2025-09-24
301,217,28,90000,0,3,2026-01-21
302,452,17,120000,0,4,2025-07-16
303,1786,15,90000,0,4,2026-02-12
304,1656,15,90000,18000,12,2025-12-01
305,1748,21,25000,0,3,2025-10-21
306,1735,25,65000,0,3,2025-10-30
307,219,26,90000,9000,12,2025-09-24
308,1014,19,65000,6500,6,2025-12-28
309,1891,12,90000,0,3,2025-12-25
310,866,31,65000,13000,6,2025-01-12
311,200,9,120000,24000,12,2025-12-25
312,447,13,15000,0,3,2025-05-30
313,772,28,120000,0,3,2025-12-14
314,1936,4,40000,0,3,2025-07-02
315,70,8,90000,9000,6,2025-03-18
316,1296,29,90000,18000,6,2026-02-23
317,48,38,90000,9000,12,2025-11-25
318,667,5,15000,0,3,2025-10-20
319,131,34,65000,13000,12,2025-07-21
320,1152,17,15000,0,3,2025-12-01
321,1979,35,25000,0,4,2025-09-17
322,1350,35,120000,0,4,2025-09-23
323,486,3,8000,0,3,2025-12-19
324,1212,23,65000,0,3,2025-11-05
325,820,30,40000,0,3,2025-05-14
326,1297,13,90000,0,4,2025-02-06
327,1975,39,40000,4000,6,2026-02-08
328,744,22,90000,0,3,2025-06-18
329,776,7,8000,800,6,2025-01-06
330,1130,18,65000,0,4,2025-12-25
331,977,38,25000,5000,12,2025-04-03
332,565,28,25000,5000,6,2025-08-13
333,158,16,90000,0,3,2025-02-16
334,1656,1,25000,5000,12,2026-01-16
335,1866,1,65000,0,3,2025-01-08
336,1382,34,40000,0,3,2025-11-07
337,1951,4,15000,3000,12,2026-03-06
338,1704,35,90000,0,3,2025-06-23
339,437,1,25000,0,4,2025-09-05
340,729,1,65000,6500,6,2025-08-26
341,19,7,15000,3000,6,2026-01-05
342,464,31,15000,0,4,2025-01-04
343,223,29,120000,0,4,2025-10-02
344,736,13,40000,0,3,2026-01-18
345,1365,13,8000,0,3,2025-06-19
346,666,26,65000,6500,6,2025-09-08
347,1572,16,25000,2500,12,2025-03-21
348,1436,33,120000,0,3,2025-12-28
349,561,13,15000,1500,6,2025-03-03
350,1434,15,65000,0,4,2025-07-28
351,226,18,8000,0,4,2025-11-26
352,2,4,15000,0,3,2025-01-25
353,883,12,25000,2500,12,2025-08-30
354,488,18,120000,24000,12,2026-01-16
355,396,29,90000,0,3,2025-10-28
356,1093,10,40000,0,3,2026-01-07
357,1866,28,40000,0,3,2025-07-07
358,594,3,90000,0,3,2025-05-21
359,339,29,90000,9000,12,2025-09-11
360,622,15,65000,13000,6,2026-02-09
361,81,10,15000,0,4,2025-10-01
362,1095,8,15000,0,3,2025-11-25
363,1479,9,65000,0,4,2025-12-28
364,1497,18,25000,0,3,2026-02-26
365,1673,29,25000,2500,12,2025-12-01
366,1016,12,40000,0,3,2025-03-17
367,44,20,15000,0,4,2026-01-09
368,932,26,8000,800,6,2025-03-15
369,271,16,90000,0,3,2026-03-02
370,1111,22,8000,0,3,2026-02-10
371,1671,11,120000,24000,12,2025-09-03
372,3,15,120000,12000,6,2025-09-19
373,1959,19,15000,0,3,2025-02-26
374,365,28,8000,800,12,2025-02-13
375,1593,10,8000,0,3,2026-02-08
376,1184,28,8000,0,3,2026-02-22
377,1572,25,15000,0,3,2025-06-15
378,284,16,40000,8000,12,2025-12-22
379,741,1,8000,0,3,2025-12-26
380,1867,23,8000,0,3,2025-03-10
381,497,14,120000,24000,12,2025-03-15
382,62,10,65000,0,3,2026-03-05
383,1568,12,65000,6500,6,2025-01-07
384,588,8,90000,0,3,2026-02-05
385,1135,17,40000,8000,6,2025-01-06
386,1522,14,40000,0,3,2025-09-25
387,1673,30,120000,12000,12,2025-04-05
388,58,16,120000,0,4,2025-11-05
389,1130,13,25000,0,3,2026-01-23
390,1155,31,65000,6500,12,2025-02-13
391,1203,25,15000,0,3,2026-02-01
392,1813,6,90000,9000,6,2025-03-19
393,596,24,15000,0,4,2026-02-07
394,1963,10,65000,6500,12,2025-04-17
395,1181,24,8000,0,4,2025-03-24
396,1925,8,25000,2500,6,2025-08-31
397,903,24,90000,0,3,2025-11-14
398,539,3,40000,8000,12,2025-12-16
399,457,25,65000,6500,6,2025-03-23
400,1879,26,15000,0,3,2025-02-13
401,1238,32,25000,0,4,2025-02-03
402,1943,31,65000,0,3,2025-01-20
403,1918,24,120000,12000,6,2025-11-04
404,172,10,25000,0,3,2025-05-19
405,377,4,15000,0,4,2025-09-26
406,1978,28,40000,4000,6,2025-08-03
407,30,10,120000,0,4,2025-12-07
408,1067,1,90000,18000,6,2026-02-10
409,1231,25,15000,1500,6,2026-01-17
410,1433,32,25000,2500,12,2025-06-04
411,1112,28,65000,6500,12,2025-04-01
412,1368,19,65000,0,3,2025-09-15
413,401,31,40000,0,3,2025-10-10
414,1925,24,90000,9000,6,2026-02-25
415,1844,27,15000,0,3,2025-12-11
416,1139,26,40000,0,3,2025-10-20
417,826,21,90000,9000,6,2025-03-07
418,1715,36,90000,0,4,2026-01-26
419,1288,38,40000,0,3,2025-01-14
420,930,23,90000,0,3,2026-01-16
421,1488,25,120000,0,3,2025-10-02
422,1308,38,90000,0,3,2025-03-15
423,537,12,15000,0,4,2025-02-24
424,997,5,8000,800,6,2026-02-12
425,1851,12,25000,0,3,2025-04-03
426,325,34,40000,4000,12,2025-06-27
427,549,18,8000,0,3,2025-04-23
428,1050,26,90000,18000,6,2025-08-28
429,340,14,120000,24000,12,2025-10-26
430,766,5,65000,0,4,2025-04-13
431,816,2,120000,24000,12,2025-11-06
432,438,30,8000,0,4,2025-12-19
433,1080,14,65000,0,3,2025-05-26
434,1666,21,120000,24000,6,2025-12-16
435,1232,21,8000,800,6,2025-03-03
436,1835,35,15000,1500,6,2025-05-26
437,563,21,120000,24000,6,2026-03-01
438,1739,8,25000,5000,6,2025-07-21
439,349,6,25000,2500,6,2025-02-23
440,541,22,25000,0,3,2025-01-25
441,259,21,65000,6500,6,2025-03-12
442,189,17,25000,2500,6,2025-05-24
443,27,14,8000,0,3,2025-09-11
444,1668,38,25000,0,3,2025-02-23
445,1873,9,15000,1500,12,2025-12-02
446,1949,37,15000,0,4,2025-08-05
447,547,2,8000,800,6,2025-05-04
448,813,33,15000,0,3,2025-08-09
449,101,25,25000,0,3,2025-05-20
450,1217,18,40000,0,3,2025-04-07
451,1964,8,8000,0,3,2025-12-15
452,565,15,8000,800,12,2025-05-03
453,1503,1,65000,0,4,2025-12-28
454,384,22,8000,0,3,2025-12-15
455,364,17,25000,0,3,2025-08-08
456,1001,16,65000,0,3,2025-08-31
457,1547,10,15000,1500,12,2026-03-04
458,1359,32,25000,5000,12,2026-01-12
459,303,27,25000,2500,12,2025-02-27
460,1963,34,90000,18000,12,2025-05-21
461,591,8,120000,0,4,2025-10-18
462,622,32,25000,2500,12,2025-09-25
463,1353,1,40000,0,4,2025-01-03
464,596,15,15000,1500,6,2026-01-11
465,1648,38,40000,0,4,2025-10-16
466,625,6,15000,0,4,2025-10-11
467,1422,21,15000,3000,12,2025-02-19
468,1612,16,15000,3000,12,2026-01-22
469,948,34,90000,0,3,2025-07-26
470,683,39,120000,0,3,2025-05-19
471,1437,14,8000,800,12,2025-02-01
472,1065,7,65000,0,3,2025-03-20
473,114,8,65000,13000,6,2026-03-03
474,886,10,65000,0,3,2025-12-03
475,976,31,65000,6500,12,2025-03-29
476,1156,25,40000,0,3,2025-05-26
477,568,1,15000,3000,6,2025-07-01
478,1344,37,15000,0,4,2025-12-02
479,1972,31,120000,24000,6,2025-02-04
480,1745,11,8000,0,3,2025-02-04
481,1581,16,120000,0,3,2025-06-15
482,77,5,25000,0,3,2025-11-10
483,273,37,8000,1600,6,2025-06-14
484,889,34,90000,0,3,2025-04-14
485,417,3,90000,0,3,2025-11-19
486,698,12,65000,0,3,2025-10-18
487,731,40,120000,24000,6,2025-10-20
488,1603,34,8000,0,3,2025-10-19
489,47,15,65000,13000,12,2025-01-27
490,1194,31,90000,0,3,2025-10-07
491,411,22,40000,0,4,2025-06-23
492,483,32,90000,0,3,2026-01-23
493,1818,36,65000,6500,12,2025-08-02
494,1585,13,8000,0,3,2025-01-11
495,881,28,40000,4000,6,2025-01-27
496,488,15,40000,0,3,2025-06-25
497,1665,4,8000,0,3,2026-02-15
498,599,9,65000,0,3,2025-06-29
499,1014,23,25000,2500,12,2025-02-09
500,161,14,65000,13000,6,2025-12-28
501,1952,8,15000,3000,6,2025-01-19
502,910,3,8000,1600,6,2025-09-11
503,1920,2,120000,0,4,2025-10-05
504,1774,28,90000,18000,12,2025-06-24
505,176,16,25000,0,4,2025-01-08
506,551,17,25000,0,4,2025-11-12
507,909,30,25000,0,3,2026-03-05
508,837,4,120000,12000,12,2025-11-23
509,466,12,120000,12000,6,2025-05-13
510,1134,15,25000,0,3,2025-10-24
511,1230,16,90000,0,3,2025-10-04
512,418,21,8000,0,3,2025-09-19
513,669,39,15000,0,3,2025-05-25
514,329,24,25000,2500,12,2025-08-29
515,1104,8,65000,13000,12,2025-10-17
516,473,30,120000,0,4,2025-05-05
517,1148,33,8000,0,4,2025-07-05
518,1896,35,120000,0,3,2025-10-19
519,643,8,25000,0,4,2026-02-12
520,858,17,15000,0,3,2025-01-08
521,1414,11,120000,12000,6,2025-01-18
522,1459,19,65000,0,3,2025-12-23
523,1946,29,90000,0,4,2025-02-07
524,1483,38,15000,0,3,2025-12-25
525,1381,30,65000,0,4,2025-10-31
526,99,37,25000,5000,6,2025-04-29
527,882,34,8000,0,3,2025-03-15
528,590,18,15000,0,3,2025-05-26
529,1894,15,65000,0,3,2025-05-13
530,57,39,120000,12000,12,2025-10-10
531,1881,8,15000,3000,6,2025-09-24
532,1984,23,25000,0,3,2025-03-12
533,566,30,65000,0,4,2025-03-22
534,390,36,90000,18000,12,2025-02-21
535,270,13,40000,0,4,2026-01-11
536,1455,12,40000,4000,12,2025-02-04
537,507,28,40000,0,4,2025-08-03
538,1408,16,40000,8000,6,2026-02-01
539,817,17,120000,24000,6,2025-07-20
540,1173,11,40000,0,3,2025-08-18
541,1947,2,65000,0,3,2025-11-06
542,1342,4,120000,12000,12,2026-01-28
543,679,27,15000,0,4,2026-02-15
544,1028,26,65000,0,3,2026-01-22
545,1294,16,8000,0,3,2025-06-04
546,1034,27,8000,0,3,2025-02-13
547,1608,21,120000,24000,12,2025-04-10
548,990,19,40000,8000,12,2025-04-24
549,1317,20,25000,2500,6,2025-08-17
550,1072,37,15000,3000,6,2025-02-12
551,659,37,15000,0,3,2026-03-04
552,642,16,65000,13000,6,2026-01-22
553,332,34,120000,0,3,2025-03-07
554,350,34,8000,1600,6,2025-02-28
555,1071,21,90000,0,4,2025-05-31
556,1645,40,90000,0,3,2025-09-25
557,1899,9,15000,0,4,2025-08-25
558,12,20,15000,1500,6,2025-04-02
559,137,23,40000,4000,12,2025-11-16
560,1150,35,65000,13000,6,2025-07-08
561,260,34,25000,2500,12,2025-04-02
562,663,5,40000,0,3,2025-03-26
563,620,33,90000,18000,6,2025-08-06
564,1087,6,120000,24000,12,2025-06-09
565,1752,30,120000,0,4,2025-01-13
566,1912,1,25000,0,3,2025-07-15
567,193,24,25000,0,4,2025-10-28
568,1425,17,40000,4000,6,2025-11-25
569,79,24,90000,9000,12,2025-08-31
570,1839,11,120000,0,4,2025-06-20
571,134,13,90000,0,3,2026-03-05
572,565,39,40000,0,3,2025-03-30
573,242,22,25000,5000,12,2025-06-09
574,943,6,90000,0,4,2025-04-22
575,365,18,8000,1600,6,2025-06-08
576,1429,29,25000,0,4,2025-04-01
577,1699,11,90000,18000,12,2026-01-31
578,186,33,65000,13000,12,2025-12-25
579,763,37,15000,3000,6,2025-09-01
580,690,7,40000,0,4,2025-08-04
581,900,40,15000,0,3,2025-10-07
582,1482,24,15000,0,4,2026-03-04
583,863,28,120000,12000,12,2025-04-30
584,1642,23,120000,0,3,2026-02-10
585,1809,12,15000,0,3,2025-12-04
586,1484,16,40000,0,3,2025-04-15
587,965,36,25000,0,3,2025-03-23
588,1563,7,40000,0,3,2026-03-02
589,1679,28,25000,0,4,2026-01-31
590,1573,16,65000,0,3,2025-04-24
591,283,32,90000,0,3,2025-02-09
592,872,10,25000,2500,6,2025-02-17
593,953,6,40000,4000,12,2025-03-25
594,871,17,8000,0,4,2026-01-30
595,229,12,25000,5000,12,2025-12-31
596,891,4,120000,24000,12,2025-09-21
597,1112,18,25000,0,3,2025-12-12
598,1303,3,25000,0,4,2025-08-17
599,259,10,8000,800,12,2025-03-31
600,783,33,90000,0,3,2025-11-08
601,377,17,40000,0,3,2025-08-05
602,621,40,15000,3000,12,2026-02-11
603,1530,12,40000,0,4,2026-01-25
604,39,27,8000,800,6,2025-05-20
605,453,5,8000,0,4,2025-04-26
606,703,22,65000,0,3,2025-09-01
607,1091,11,40000,0,3,2026-01-16
608,1294,32,120000,12000,12,2025-12-05
609,320,40,90000,9000,6,2025-08-20
610,776,39,40000,4000,12,2025-05-01
611,655,24,15000,3000,6,2026-01-20
612,1893,12,120000,12000,6,2025-05-27
613,841,13,90000,18000,6,2025-10-25
614,1166,31,15000,0,3,2025-11-09
615,1742,11,65000,0,3,2025-10-10
616,272,19,15000,0,4,2025-12-31
617,1646,39,15000,1500,6,2026-02-12
618,1766,25,8000,1600,6,2026-01-19
619,745,26,120000,12000,6,2025-05-30
620,1479,11,120000,12000,12,2026-01-24
621,939,32,25000,0,3,2025-02-19
622,1613,29,40000,0,4,2025-12-19
623,453,24,25000,0,3,2025-09-25
624,974,29,90000,0,4,2025-10-18
625,58,14,25000,0,3,2025-07-16
626,977,40,90000,18000,12,2025-07-06
627,461,20,8000,0,4,2025-12-09
628,1721,34,40000,4000,6,2025-07-02
629,1134,35,8000,0,4,2025-09-17
630,1413,16,25000,0,3,2025-05-06
631,188,13,25000,5000,12,2025-11-08
632,654,5,8000,800,12,2025-08-26
633,1207,40,90000,9000,6,2025-02-27
634,1949,20,65000,13000,6,2025-06-18
635,654,33,15000,1500,6,2026-01-23
636,397,7,25000,2500,12,2025-08-15
637,1746,11,120000,12000,6,2025-04-09
638,760,10,40000,0,4,2025-05-15
639,12,26,65000,13000,6,2025-08-06
640,49,21,120000,0,4,2025-05-31
641,219,5,65000,13000,6,2025-11-13
642,122,7,25000,5000,12,2025-05-08
643,1141,34,65000,0,4,2025-10-21
644,378,21,120000,12000,6,2025-07-04
645,288,8,90000,0,3,2025-11-06
646,1870,33,8000,800,12,2026-02-13
647,1505,5,25000,0,3,2025-10-22
648,1540,5,40000,4000,12,2025-10-21
649,823,37,65000,6500,6,2025-08-21
650,1197,21,25000,0,3,2025-03-19
651,423,20,120000,0,3,2025-04-07
652,671,21,25000,0,3,2025-10-04
653,478,14,40000,0,4,2025-03-25
654,910,14,40000,0,3,2026-03-04
655,191,12,15000,1500,6,2025-04-12
656,431,6,25000,2500,6,2026-01-19
657,1970,7,40000,8000,6,2025-01-04
658,33,18,90000,18000,6,2025-11-30
659,288,31,65000,0,3,2025-03-07
660,859,12,65000,6500,6,2025-07-10
661,827,24,15000,0,4,2025-09-12
662,1506,10,8000,800,6,2025-06-19
663,860,5,15000,0,3,2025-06-28
664,638,31,120000,0,3,2025-11-05
665,1960,40,65000,0,4,2025-12-03
666,1650,10,15000,1500,12,2025-03-06
667,1557,9,65000,13000,12,2025-12-09
668,1711,16,15000,0,3,2025-01-08
669,385,37,120000,0,4,2025-09-05
670,1343,33,90000,0,4,2025-03-02
671,1359,7,120000,24000,6,2026-02-18
672,194,15,8000,800,12,2025-11-25
673,815,33,8000,800,12,2025-10-11
674,1394,11,15000,0,3,2025-07-11
675,1965,26,25000,0,3,2025-04-14
676,1,5,15000,0,4,2025-06-14
677,295,31,40000,0,3,2026-01-22
678,510,23,40000,4000,6,2025-11-27
679,23,8,120000,0,4,2025-05-22
680,1109,40,120000,0,3,2025-06-02
681,232,30,40000,0,4,2025-01-21
682,1499,39,8000,0,3,2025-09-25
683,117,7,90000,18000,6,2026-03-05
684,731,6,90000,0,4,2025-08-03
685,1243,34,120000,24000,6,2025-02-23
686,1189,39,15000,0,4,2026-01-27
687,1926,26,65000,6500,12,2025-08-24
688,722,16,25000,0,4,2025-05-10
689,429,36,120000,0,3,2026-01-29
690,1730,32,120000,0,3,2026-02-04
691,208,6,120000,0,4,2025-06-12
692,691,29,25000,5000,6,2025-04-14
693,1550,36,25000,5000,12,2025-10-25
694,1887,25,25000,2500,6,2025-09-30
695,1013,15,25000,0,3,2025-12-08
696,298,1,90000,0,3,2025-08-14
697,845,12,65000,6500,12,2025-08-01
698,1762,16,15000,0,4,2025-12-21
699,1475,23,120000,12000,12,2025-02-23
700,1835,23,90000,0,3,2025-10-14
701,1167,17,90000,0,4,2025-02-03
702,1103,20,15000,3000,6,2025-07-22
703,1258,5,8000,0,3,2025-10-28
704,1712,12,120000,0,3,2025-11-04
705,781,31,65000,13000,6,2025-07-26
706,1024,6,40000,0,4,2025-12-29
707,696,29,90000,0,3,2025-11-28
708,196,11,8000,0,4,2025-10-13
709,1760,5,65000,0,4,2025-10-18
710,1229,24,8000,0,3,2025-06-26
711,1275,3,120000,12000,6,2026-02-21
712,1844,7,15000,1500,12,2025-12-16
713,290,16,15000,0,4,2025-06-23
714,1737,34,8000,800,6,2025-07-03
715,1005,2,40000,4000,6,2025-07-26
716,1081,3,90000,0,3,2026-01-30
717,1095,2,25000,0,3,2025-11-25
718,1042,24,120000,12000,6,2026-02-26
719,150,14,90000,0,4,2025-04-24
720,10,16,8000,0,4,2025-12-19
721,320,10,120000,12000,6,2025-07-10
722,773,18,8000,1600,6,2025-12-20
723,1358,15,120000,12000,6,2025-12-23
724,1099,19,90000,18000,6,2025-12-15
725,261,34,120000,12000,6,2025-10-12
726,172,5,40000,0,3,2026-03-03
727,1358,33,65000,0,3,2025-08-15
728,1943,10,65000,0,3,2025-01-23
729,802,25,15000,0,3,2025-08-25
730,688,29,90000,0,3,2025-04-05
731,229,5,25000,0,3,2025-10-08
732,1847,7,8000,0,3,2025-07-09
733,1756,15,8000,800,6,2025-10-16
734,1865,16,65000,13000,6,2025-12-18
735,296,19,25000,0,3,2025-10-02
736,885,20,25000,0,3,2025-03-24
737,427,26,15000,0,4,2025-07-25
738,692,21,40000,0,4,2025-07-18
739,1942,40,15000,1500,12,2025-12-31
740,616,40,8000,1600,12,2025-08-29
741,560,37,90000,0,3,2025-10-18
742,1778,9,25000,2500,6,2025-07-30
743,679,6,8000,0,3,2025-01-11
744,744,40,25000,0,3,2025-04-20
745,622,7,15000,0,4,2025-12-27
746,325,36,65000,13000,12,2025-03-02
747,1201,24,15000,0,3,2025-09-02
748,1814,22,90000,18000,12,2025-09-09
749,727,39,90000,0,3,2025-05-30
750,394,33,25000,0,4,2025-03-28
751,1435,20,90000,0,3,2025-01-27
752,682,36,90000,9000,6,2025-05-20
753,1428,25,90000,0,4,2025-12-22
754,1132,13,90000,0,4,2025-06-27
755,1765,33,90000,0,4,2026-02-17
756,134,10,15000,0,4,2025-02-08
757,1783,40,8000,0,4,2026-01-06
758,1881,6,15000,0,3,2025-12-27
759,431,4,90000,0,3,2026-02-10
760,1451,32,120000,0,3,2025-09-01
761,907,12,90000,9000,12,2026-01-10
762,386,12,8000,0,3,2025-12-25
763,1232,27,120000,24000,12,2025-11-22
764,133,4,120000,0,3,2025-05-25
765,1525,6,90000,9000,6,2026-01-27
766,1024,20,120000,24000,6,2026-01-16
767,1892,26,40000,8000,6,2025-07-29
768,1615,21,120000,0,3,2025-01-13
769,310,38,40000,0,3,2025-01-08
770,555,22,40000,0,3,2025-07-20
771,467,13,120000,24000,12,2025-06-05
772,1646,14,15000,3000,12,2025-03-14
773,37,29,65000,6500,6,2025-07-09
774,1183,22,25000,5000,12,2026-02-07
775,642,33,65000,6500,6,2025-09-08
776,138,29,90000,0,4,2025-11-05
777,458,1,8000,800,6,2026-02-03
778,1688,13,65000,6500,12,2025-06-10
779,60,27,25000,0,3,2025-03-15
780,1217,29,65000,0,3,2025-07-15
781,584,11,15000,3000,12,2025-05-22
782,669,40,25000,2500,6,2025-11-27
783,287,10,8000,0,3,2025-09-12
784,1538,5,8000,1600,6,2025-06-23
785,1563,17,15000,0,3,2025-08-18
786,981,3,120000,0,3,2025-11-26
787,1045,19,40000,4000,6,2025-06-15
788,716,6,65000,6500,6,2025-04-28
789,545,36,90000,18000,12,2025-11-18
790,925,2,8000,0,4,2025-07-21
791,1522,14,40000,0,3,2025-01-22
792,1327,15,40000,0,3,2025-07-04
793,1699,12,8000,0,3,2025-06-08
794,1233,11,25000,5000,6,2026-01-04
795,1756,1,65000,0,3,2025-01-16
796,200,4,90000,9000,12,2025-07-15
797,247,2,40000,0,3,2025-05-15
798,933,38,8000,0,3,2025-02-27
799,1498,10,65000,6500,6,2025-12-26
800,1993,1,40000,4000,6,2026-03-02
801,50,18,120000,0,4,2025-04-14
802,1145,32,8000,1600,12,2025-11-29
803,1488,36,90000,0,4,2025-07-11
804,958,23,40000,0,4,2025-10-25
805,1813,9,8000,1600,12,2025-08-10
806,1687,27,90000,9000,6,2026-02-27
807,1002,8,15000,0,4,2026-01-14
808,463,30,25000,2500,6,2025-10-23
809,1548,26,25000,0,3,2025-12-22
810,606,8,8000,0,3,2025-01-13
811,1355,26,8000,1600,6,2025-08-20
812,1024,21,40000,0,3,2025-12-14
813,866,38,65000,0,3,2026-01-21
814,973,17,8000,800,6,2025-07-14
815,662,20,65000,6500,6,2025-05-04
816,1916,33,120000,0,3,2025-10-31
817,519,38,65000,6500,6,2025-12-23
818,1984,5,90000,0,3,2025-02-26
819,1583,25,120000,0,3,2025-07-18
820,208,11,90000,9000,6,2025-04-28
821,1301,35,65000,0,4,2025-12-29
822,973,26,25000,0,4,2025-02-14
823,1362,13,8000,800,12,2025-03-24
824,762,4,90000,9000,6,2025-03-10
825,387,31,15000,1500,6,2025-06-13
826,1764,5,15000,1500,12,2025-12-08
827,1784,21,8000,800,6,2025-07-28
828,1324,11,15000,3000,6,2026-01-19
829,1443,10,65000,0,3,2025-02-03
830,622,35,25000,5000,6,2025-07-21
831,1092,34,8000,1600,6,2025-06-22
832,1160,13,25000,0,3,2025-06-10
833,541,39,90000,18000,6,2025-09-23
834,241,19,120000,12000,6,2025-04-15
835,1910,37,40000,0,4,2025-07-20
836,7,5,8000,1600,6,2025-05-10
837,1220,7,8000,1600,6,2025-05-17
838,85,5,120000,0,3,2025-07-05
839,82,37,90000,9000,6,2026-01-16
840,311,2,25000,0,3,2025-10-10
841,1110,40,120000,12000,6,2026-02-17
842,1827,12,40000,4000,12,2025-05-04
843,308,25,90000,18000,6,2025-07-29
844,660,2,65000,0,4,2026-02-09
845,1231,25,90000,0,3,2025-03-15
846,510,19,25000,5000,6,2025-06-10
847,797,37,120000,0,3,2026-01-01
848,184,28,90000,18000,6,2025-08-12
849,1733,3,15000,1500,12,2025-03-28
850,1784,12,15000,3000,6,2025-05-31
851,591,36,90000,0,3,2025-10-21
852,1235,5,120000,0,3,2025-01-09
853,1482,12,40000,8000,12,2026-02-03
854,1026,33,25000,2500,12,2026-01-28
855,1176,18,15000,3000,12,2025-03-09
856,1128,35,120000,24000,6,2025-09-28
857,1649,3,120000,12000,6,2025-09-15
858,645,32,25000,0,3,2025-06-03
859,922,38,90000,0,3,2026-02-01
860,1845,15,15000,0,3,2025-05-06
861,1808,14,90000,18000,6,2025-08-27
862,953,25,8000,0,4,2025-07-11
863,83,31,65000,13000,12,2026-02-25
864,123,2,90000,18000,12,2026-01-17
865,584,24,65000,0,4,2025-06-27
866,1365,36,65000,0,3,2026-01-26
867,295,10,90000,18000,6,2025-06-19
868,25,9,8000,0,4,2025-01-22
869,1877,14,65000,0,4,2025-10-08
870,164,30,90000,9000,6,2025-03-26
871,1652,39,15000,3000,12,2025-09-27
872,1642,17,65000,0,4,2025-01-27
873,846,26,8000,1600,12,2025-03-20
874,684,24,40000,4000,6,2025-03-20
875,689,11,65000,0,3,2025-05-05
876,308,35,8000,0,3,2025-02-12
877,67,9,40000,0,3,2025-01-02
878,677,7,15000,0,4,2025-01-21
879,1261,34,25000,5000,12,2025-02-25
880,602,26,25000,5000,12,2025-08-20
881,221,29,8000,0,3,2025-10-28
882,1472,31,25000,2500,12,2025-12-19
883,136,4,15000,0,4,2025-07-20
884,921,9,90000,0,4,2026-02-06
885,852,6,15000,0,4,2026-02-06
886,1961,18,65000,13000,12,2025-05-03
887,1394,33,15000,0,4,2025-04-19
888,1104,30,90000,18000,12,2025-08-21
889,1087,15,25000,0,3,2025-07-22
890,1097,35,8000,0,4,2025-01-25
891,1597,8,15000,3000,12,2025-10-25
892,266,17,8000,0,3,2025-09-03
893,1494,11,40000,0,3,2025-03-24
894,1748,1,15000,0,3,2025-02-09
895,249,33,120000,24000,6,2025-02-28
896,362,25,8000,0,4,2026-02-08
897,329,34,15000,0,4,2025-03-25
898,213,33,120000,24000,6,2025-06-24
899,794,21,15000,3000,6,2026-01-17
900,1362,24,25000,0,3,2025-10-20
901,1727,7,8000,0,3,2025-08-26
902,246,40,65000,13000,12,2025-09-11
903,575,22,25000,2500,6,2025-12-23
904,584,21,8000,0,3,2025-07-28
905,1997,17,8000,0,3,2025-07-05
906,475,4,15000,1500,12,2025-10-23
907,1518,4,25000,0,4,2025-12-03
908,832,35,40000,0,4,2025-01-22
909,1292,2,65000,0,3,2025-11-29
910,1182,13,8000,1600,12,2025-07-28
911,1448,27,15000,1500,12,2025-05-18
912,1498,5,15000,0,3,2025-04-29
913,1335,14,65000,0,3,2025-02-27
914,302,8,15000,1500,6,2025-06-24
915,798,23,15000,0,3,2025-11-22
916,517,1,40000,0,3,2025-05-21
917,418,27,40000,8000,12,2026-01-19
918,921,13,90000,0,3,2025-06-05
919,898,9,15000,1500,6,2025-05-19
920,1766,34,8000,0,4,2025-12-20
921,1659,16,25000,0,4,2025-05-04
922,1164,22,25000,5000,12,2025-01-11
923,1091,22,25000,2500,6,2025-06-22
924,420,30,120000,0,3,2025-07-30
925,1512,14,15000,0,3,2026-01-03
926,575,38,65000,6500,6,2025-01-06
927,91,31,25000,2500,12,2026-02-17
928,1032,38,8000,0,3,2025-06-19
929,1543,29,25000,0,4,2025-12-23
930,353,11,25000,0,3,2025-12-08
931,272,19,15000,0,3,2026-02-28
932,751,20,8000,0,3,2025-01-17
933,16,11,15000,3000,6,2026-03-03
934,851,7,8000,0,3,2025-04-19
935,1954,29,15000,1500,12,2025-08-20
936,1632,9,120000,12000,12,2025-02-16
937,695,34,65000,6500,12,2025-05-04
938,147,28,15000,3000,12,2025-09-23
939,1768,2,90000,0,3,2026-02-01
940,900,35,40000,0,3,2025-04-08
941,1628,33,25000,2500,6,2025-06-30
942,309,12,40000,4000,12,2025-05-28
943,774,23,25000,0,3,2025-12-05
944,1154,8,15000,3000,6,2025-09-29
945,1608,37,25000,0,3,2025-07-07
946,493,27,40000,0,3,2025-01-28
947,258,5,65000,6500,12,2026-01-31
948,1057,13,40000,4000,6,2025-10-08
949,1427,26,8000,0,3,2025-12-11
950,43,16,25000,0,3,2025-07-28
951,1968,17,8000,0,4,2025-04-20
952,1775,3,25000,0,4,2026-01-20
953,1370,6,15000,0,3,2025-05-31
954,1582,15,65000,6500,12,2025-05-29
955,1877,14,15000,0,3,2025-05-30
956,809,15,25000,0,3,2025-10-28
957,1478,8,65000,13000,6,2025-12-31
958,463,3,40000,0,4,2025-03-10
959,946,33,25000,2500,6,2026-01-24
960,1595,27,8000,0,4,2025-10-28
961,1494,19,90000,18000,6,2025-08-30
962,275,4,120000,0,4,2025-11-09
963,703,2,40000,8000,12,2025-04-29
964,523,3,8000,0,3,2025-08-03
965,1292,2,8000,0,4,2026-01-18
966,1064,7,40000,0,3,2025-08-08
967,740,25,65000,0,3,2025-01-29
968,657,14,90000,9000,6,2025-03-20
969,870,36,8000,1600,6,2025-10-20
970,1626,34,25000,2500,12,2025-05-04
971,925,2,8000,0,4,2025-01-28
972,1915,2,65000,0,3,2025-05-27
973,1571,40,120000,24000,12,2025-07-26
974,1167,40,8000,1600,12,2025-05-31
975,1143,31,90000,0,3,2025-11-15
976,1535,14,90000,9000,6,2025-01-16
977,1713,19,65000,0,3,2025-12-03
978,700,2,90000,18000,12,2025-03-14
979,1151,31,15000,0,3,2026-03-01
980,1171,22,65000,0,4,2026-02-18
981,493,38,65000,0,3,2025-07-24
982,980,15,120000,0,3,2025-01-16
983,154,6,8000,800,6,2025-01-29
984,165,19,90000,0,4,2025-11-10
985,1768,34,120000,0,3,2025-07-28
986,452,18,90000,0,4,2025-01-26
987,1463,29,15000,0,3,2025-07-20
988,40,36,15000,0,4,2025-11-02
989,1576,17,65000,6500,12,2025-03-24
990,1389,7,15000,0,3,2025-01-06
991,272,30,15000,3000,12,2025-08-05
992,289,26,25000,0,3,2025-10-24
993,485,29,25000,0,3,2025-05-22
994,1900,10,65000,0,3,2025-08-29
995,1309,6,8000,0,3,2025-02-08
996,1173,35,65000,6500,6,2025-05-14
997,1114,21,120000,12000,12,2025-02-28
998,1762,1,15000,1500,6,2025-09-12
999,672,11,90000,0,4,2025-04-25
1000,830,37,8000,0,4,2025-08-18
1001,1547,39,65000,13000,6,2025-06-17
1002,1636,3,8000,0,4,2025-03-06
1003,1808,39,15000,0,4,2025-11-28
1004,1972,3,90000,18000,12,2025-08-20
1005,780,5,65000,13000,6,2025-01-14
1006,1472,10,65000,13000,6,2025-11-16
1007,817,12,65000,0,3,2025-12-15
1008,1359,24,25000,0,3,2025-12-23
1009,63,8,40000,4000,12,2025-12-18
1010,288,23,65000,6500,6,2025-08-24
1011,1775,13,120000,0,3,2026-03-02
1012,1402,21,25000,0,3,2025-03-26
1013,1984,37,40000,0,3,2025-06-25
1014,210,15,65000,0,4,2025-09-29
1015,1959,25,90000,18000,6,2025-01-14
1016,628,40,8000,0,3,2025-04-25
1017,1069,22,8000,0,3,2025-03-26
1018,808,20,25000,0,3,2026-03-06
1019,750,40,15000,0,3,2025-02-24
1020,1744,21,120000,24000,6,2025-05-02
1021,1261,34,15000,3000,6,2025-07-01
1022,482,33,25000,0,3,2025-05-20
1023,853,4,25000,5000,12,2025-03-12
1024,1632,21,65000,13000,6,2026-01-11
1025,53,9,90000,18000,6,2026-02-20
1026,1201,15,90000,0,3,2025-07-10
1027,664,22,15000,0,3,2025-02-05
1028,622,19,8000,0,4,2025-12-16
1029,867,29,120000,0,3,2025-09-13
1030,266,24,90000,0,3,2025-03-18
1031,1650,12,8000,800,12,2025-04-18
1032,1065,16,8000,0,3,2026-01-14
1033,50,35,65000,13000,6,2026-01-03
1034,534,24,40000,8000,6,2025-06-29
1035,1047,30,15000,1500,12,2025-06-16
1036,1897,37,40000,0,3,2025-04-12
1037,1181,37,15000,0,3,2025-04-04
1038,1347,38,90000,18000,6,2025-02-21
1039,547,27,65000,0,4,2025-06-13
1040,507,2,40000,0,4,2026-02-18
1041,6,12,40000,8000,12,2025-04-03
1042,268,10,65000,6500,12,2025-03-12
1043,1367,33,15000,0,4,2025-12-17
1044,619,16,8000,0,4,2025-04-14
1045,1954,14,25000,0,3,2025-02-04
1046,1596,38,65000,0,3,2025-11-26
1047,1339,33,40000,0,4,2025-04-12
1048,191,39,15000,3000,12,2025-02-12
1049,110,8,90000,0,3,2026-01-21
1050,266,12,40000,0,3,2025-07-15
1051,76,19,15000,1500,12,2025-05-08
1052,47,36,8000,0,4,2025-02-21
1053,770,9,15000,3000,12,2025-03-10
1054,869,23,25000,0,3,2025-03-14
1055,1734,2,15000,0,3,2026-01-26
1056,866,8,40000,0,3,2025-03-14
1057,124,11,40000,0,4,2025-10-13
1058,845,15,120000,12000,12,2025-08-07
1059,1262,24,8000,0,3,2025-01-31
1060,1276,5,40000,0,4,2025-07-08
1061,983,7,15000,0,4,2025-03-30
1062,1576,8,8000,800,12,2025-02-26
1063,1115,1,40000,4000,12,2025-03-24
1064,505,4,40000,0,3,2025-07-29
1065,740,34,120000,0,4,2025-01-25
1066,51,2,8000,0,3,2025-03-31
1067,1017,2,40000,8000,6,2025-08-17
1068,1717,28,120000,24000,6,2026-02-26
1069,1433,31,15000,0,3,2025-09-26
1070,1284,38,25000,0,4,2025-02-21
1071,77,2,8000,0,4,2025-08-28
1072,511,5,8000,0,4,2025-10-21
1073,1325,39,65000,0,4,2026-02-18
1074,1404,8,40000,8000,12,2025-04-12
1075,509,15,65000,0,4,2025-09-03
1076,1194,37,90000,18000,12,2026-01-13
1077,439,30,15000,0,3,2025-12-05
1078,1354,2,8000,0,3,2025-07-30
1079,1845,10,25000,5000,12,2025-05-01
1080,1170,29,25000,2500,12,2025-08-20
1081,1698,12,90000,0,3,2025-08-31
1082,1566,6,40000,0,3,2025-11-01
1083,949,26,90000,9000,6,2025-11-04
1084,1853,6,8000,0,4,2026-01-01
1085,363,32,40000,4000,12,2025-01-23
1086,1120,16,65000,13000,6,2026-03-04
1087,314,36,8000,800,6,2025-03-19
1088,1,33,65000,6500,12,2025-05-21
1089,871,2,65000,0,3,2025-11-05
1090,1202,16,15000,0,3,2025-02-07
1091,974,27,15000,0,3,2025-02-25
1092,1140,33,25000,0,4,2025-01-23
1093,537,8,25000,2500,6,2026-01-20
1094,824,5,120000,24000,12,2025-01-15
1095,1613,15,25000,2500,6,2025-08-15
1096,639,33,65000,13000,6,2025-12-24
1097,227,8,90000,0,3,2026-02-16
1098,720,8,15000,1500,6,2025-07-04
1099,205,33,90000,0,3,2025-07-30
1100,101,2,40000,0,3,2025-07-14
1101,367,4,65000,0,4,2025-09-29
1102,670,28,40000,4000,6,2025-08-09
1103,1101,2,40000,0,4,2026-01-23
1104,871,9,65000,6500,12,2026-02-05
1105,1435,19,15000,3000,6,2025-11-21
1106,312,19,8000,0,3,2025-04-06
1107,822,9,90000,18000,6,2025-12-22
1108,190,24,90000,0,3,2025-05-24
1109,222,31,120000,12000,12,2025-01-04
1110,1747,11,90000,18000,6,2025-03-11
1111,469,31,65000,0,4,2025-04-15
1112,1995,11,65000,0,4,2025-08-25
1113,1032,21,90000,9000,12,2025-03-05
1114,229,9,120000,0,3,2025-04-11
1115,1398,40,65000,13000,12,2026-01-30
1116,1003,11,25000,0,3,2025-12-07
1117,1641,5,8000,800,12,2026-01-01
1118,666,35,65000,0,3,2025-07-17
1119,1805,20,120000,0,3,2025-06-19
1120,1054,5,40000,8000,12,2025-08-14
1121,1410,5,65000,0,4,2026-02-24
1122,494,39,90000,0,4,2025-11-25
1123,1813,39,65000,6500,12,2025-10-28
1124,1704,36,15000,0,3,2025-05-18
1125,310,8,65000,0,3,2025-05-02
1126,354,34,15000,1500,12,2026-02-23
1127,31,12,120000,0,3,2025-01-23
1128,889,25,65000,13000,6,2025-12-21
1129,127,16,8000,0,4,2026-02-12
1130,1611,31,65000,0,3,2025-10-29
1131,1705,7,40000,8000,12,2025-06-08
1132,189,5,40000,8000,6,2025-12-09
1133,206,26,40000,8000,12,2026-02-18
1134,881,27,65000,0,3,2026-01-31
1135,327,25,90000,18000,12,2025-10-01
1136,744,30,65000,6500,6,2026-02-16
1137,884,23,8000,0,3,2025-01-12
1138,1559,37,8000,800,12,2025-06-04
1139,1000,19,90000,0,3,2025-12-10
1140,575,6,90000,9000,12,2025-10-05
1141,1477,24,8000,0,4,2025-08-19
1142,654,28,40000,0,3,2025-07-10
1143,1018,1,120000,0,4,2025-03-06
1144,840,18,90000,0,4,2025-04-23
1145,1031,11,120000,12000,6,2025-05-23
1146,330,17,90000,9000,12,2025-09-24
1147,1932,36,120000,0,4,2025-01-31
1148,1729,30,65000,0,3,2025-01-01
1149,1531,3,40000,0,3,2025-04-06
1150,409,3,65000,0,3,2026-02-25
1151,1856,6,8000,1600,6,2025-01-08
1152,1772,27,65000,6500,12,2025-07-31
1153,73,17,90000,0,3,2026-01-30
1154,141,30,90000,0,3,2025-04-24
1155,691,10,65000,0,3,2025-05-12
1156,1527,28,40000,0,3,2025-10-07
1157,1121,20,65000,0,3,2025-10-05
1158,832,9,90000,0,4,2026-02-13
1159,1444,4,40000,0,4,2026-02-22
1160,422,37,40000,0,3,2025-07-06
1161,88,32,25000,0,3,2026-01-28
1162,206,30,8000,0,3,2025-04-30
1163,1443,29,25000,0,4,2025-03-14
1164,1883,15,90000,18000,12,2025-07-27
1165,162,21,120000,12000,6,2025-03-22
1166,90,32,40000,0,4,2025-01-17
1167,1319,2,90000,18000,12,2025-07-01
1168,1799,14,15000,0,3,2025-06-28
1169,1957,15,25000,2500,12,2025-10-05
1170,122,27,8000,0,3,2025-07-18
1171,151,35,40000,4000,12,2025-10-20
1172,629,38,15000,3000,12,2025-12-06
1173,685,21,120000,0,3,2025-07-13
1174,523,9,15000,3000,6,2025-09-10
1175,1355,37,8000,0,3,2025-10-26
1176,143,1,25000,0,3,2025-06-07
1177,730,16,90000,0,3,2026-03-06
1178,787,26,8000,0,3,2025-03-19
1179,1545,37,25000,5000,6,2025-12-14
1180,473,16,15000,1500,6,2025-06-09
1181,524,30,15000,0,3,2025-09-24
1182,1641,23,8000,0,3,2025-08-16
1183,203,39,40000,0,3,2025-04-07
1184,1070,37,120000,0,3,2025-09-26
1185,1031,28,8000,0,3,2025-08-11
1186,1166,30,65000,0,4,2026-01-09
1187,1452,4,65000,0,3,2025-10-12
1188,138,36,120000,12000,12,2025-10-01
1189,3,4,120000,12000,6,2026-01-05
1190,569,18,25000,0,3,2025-01-31
1191,136,27,120000,12000,12,2026-01-19
1192,104,18,90000,0,3,2025-01-19
1193,736,9,90000,18000,6,2025-03-08
1194,1816,4,8000,1600,6,2025-09-15
1195,729,26,40000,8000,6,2026-03-01
1196,852,5,15000,1500,12,2025-11-30
1197,137,40,65000,0,4,2026-01-15
1198,1027,4,40000,4000,6,2025-03-02
1199,173,37,90000,9000,6,2025-04-30
1200,616,3,120000,0,4,2026-02-03
1201,1469,15,120000,0,3,2025-11-06
1202,930,13,65000,6500,6,2025-11-28
1203,444,27,15000,0,4,2025-06-01
1204,1094,32,90000,9000,12,2025-02-21
1205,1940,30,90000,0,4,2025-03-10
1206,503,17,15000,0,3,2025-09-30
1207,1738,34,90000,0,4,2025-02-10
1208,1023,22,120000,24000,6,2025-08-28
1209,1756,18,25000,5000,12,2025-08-12
1210,1173,22,65000,0,3,2025-01-12
1211,662,24,120000,12000,6,2025-04-05
1212,280,16,40000,0,4,2025-01-07
1213,108,17,120000,0,4,2025-03-04
1214,1591,21,8000,0,4,2026-02-23
1215,214,2,90000,9000,6,2025-04-23
1216,190,36,90000,18000,12,2025-07-08
1217,1782,2,15000,0,3,2025-09-12
1218,271,37,40000,8000,6,2025-04-24
1219,1323,3,25000,0,3,2025-02-27
1220,1900,24,8000,0,3,2025-10-02
1221,1494,9,40000,0,3,2025-03-19
1222,1238,20,40000,0,3,2025-03-03
1223,1013,11,120000,0,3,2025-09-28
1224,719,10,65000,0,4,2025-07-13
1225,705,9,90000,9000,6,2025-10-22
1226,1433,40,90000,9000,6,2025-11-24
1227,265,15,25000,0,3,2026-02-05
1228,1859,4,40000,0,3,2025-08-29
1229,1566,33,65000,6500,6,2025-07-19
1230,726,36,15000,1500,6,2025-03-05
1231,665,29,40000,4000,6,2026-02-04
1232,1300,7,15000,1500,12,2025-03-14
1233,433,24,65000,0,4,2026-02-25
1234,1089,4,120000,0,3,2025-02-04
1235,995,21,15000,0,3,2026-02-28
1236,451,25,8000,0,3,2025-03-18
1237,791,5,65000,13000,6,2025-04-28
1238,1919,5,8000,0,3,2025-10-19
1239,676,28,65000,0,4,2025-02-09
1240,1649,12,65000,13000,6,2025-08-19
1241,307,20,15000,0,3,2025-02-19
1242,832,3,65000,13000,12,2025-08-25
1243,943,22,90000,9000,6,2025-08-13
1244,1291,25,8000,800,12,2025-04-14
1245,996,25,120000,0,4,2025-01-13
1246,3,9,90000,0,3,2025-01-04
1247,822,20,65000,13000,6,2025-06-08
1248,527,22,40000,0,3,2025-06-27
1249,1997,18,8000,1600,12,2025-04-12
1250,1473,1,25000,5000,12,2025-12-22
1251,161,21,25000,0,3,2025-08-07
1252,612,22,40000,4000,6,2025-05-25
1253,1543,39,8000,800,6,2025-11-10
1254,1077,36,25000,0,3,2025-07-29
1255,1240,31,40000,0,3,2025-09-14
1256,1982,1,15000,0,3,2025-05-08
1257,1763,31,15000,0,3,2025-12-20
1258,588,27,25000,0,3,2025-09-23
1259,88,20,15000,0,3,2025-01-20
1260,1161,4,15000,1500,12,2025-02-02
1261,1287,31,65000,0,4,2025-06-19
1262,1132,20,90000,0,4,2025-05-14
1263,1914,35,8000,0,3,2025-02-13
1264,1911,9,15000,1500,6,2025-04-04
1265,1034,26,15000,3000,6,2025-06-04
1266,314,6,65000,0,3,2026-01-21
1267,386,3,40000,0,4,2025-02-02
1268,1940,4,120000,0,4,2025-10-02
1269,1495,11,40000,0,4,2025-04-03
1270,677,26,8000,0,3,2025-03-11
1271,450,13,15000,0,3,2025-01-06
1272,1373,28,90000,0,3,2026-01-11
1273,1538,21,15000,3000,6,2025-08-07
1274,1505,38,15000,0,3,2025-02-10
1275,555,9,8000,0,3,2025-05-01
1276,1962,11,40000,0,3,2025-02-16
1277,1877,17,8000,1600,6,2025-07-11
1278,1896,17,8000,800,12,2025-07-31
1279,1940,16,25000,2500,12,2025-12-31
1280,1088,30,8000,0,3,2025-02-14
1281,1372,5,65000,6500,6,2025-12-19
1282,1423,23,8000,1600,12,2025-06-30
1283,335,2,40000,0,3,2025-10-13
1284,772,21,40000,0,3,2025-02-27
1285,1418,35,90000,0,3,2025-04-10
1286,625,33,40000,0,3,2025-06-04
1287,1648,11,40000,0,3,2025-05-19
1288,389,29,120000,0,4,2026-01-28
1289,849,15,65000,0,4,2025-03-23
1290,1868,23,15000,0,3,2026-02-11
1291,291,39,25000,2500,12,2025-07-24
1292,477,28,120000,24000,12,2025-06-11
1293,199,13,90000,18000,12,2025-11-27
1294,363,10,90000,0,3,2026-02-24
1295,1103,10,8000,0,4,2025-12-06
1296,1088,21,8000,800,12,2025-01-05
1297,1067,21,120000,0,4,2025-05-06
1298,1221,28,25000,0,3,2026-01-19
1299,1465,28,65000,0,3,2025-02-27
1300,1414,5,8000,0,4,2025-04-04
1301,185,31,40000,4000,12,2026-01-11
1302,228,36,90000,0,3,2025-09-21
1303,1447,1,90000,0,3,2026-01-13
1304,387,7,15000,3000,12,2025-06-22
1305,1757,15,40000,4000,6,2026-02-26
1306,1036,22,90000,0,3,2025-07-28
1307,889,36,8000,0,3,2025-08-21
1308,412,15,15000,1500,12,2025-04-08
1309,1333,3,40000,0,3,2025-09-10
1310,1754,18,65000,6500,12,2025-11-22
1311,1109,20,65000,6500,6,2025-06-30
1312,1565,11,90000,18000,6,2025-07-08
1313,704,21,65000,6500,12,2025-06-07
1314,129,29,65000,0,4,2025-08-05
1315,629,32,120000,24000,12,2025-10-11
1316,1719,30,15000,0,4,2025-08-25
1317,544,19,25000,2500,12,2025-07-14
1318,1133,39,40000,0,4,2025-07-23
1319,1578,15,65000,0,3,2025-07-03
1320,1268,39,90000,9000,12,2025-06-06
1321,1475,25,8000,0,4,2025-04-19
1322,199,36,25000,5000,6,2025-01-09
1323,1339,8,120000,12000,6,2025-09-15
1324,98,15,25000,0,3,2025-08-07
1325,806,31,65000,6500,12,2025-03-09
1326,1787,31,65000,13000,12,2025-06-26
1327,984,25,40000,0,4,2025-05-13
1328,350,7,40000,0,4,2025-11-04
1329,1986,9,120000,0,3,2025-09-08
1330,7,16,90000,9000,12,2025-03-27
1331,1459,21,25000,5000,12,2025-11-13
1332,1002,24,8000,1600,12,2025-07-27
1333,1567,24,25000,2500,6,2025-06-07
1334,730,38,120000,12000,6,2026-03-03
1335,1001,33,25000,0,3,2025-01-19
1336,1790,5,15000,1500,6,2025-09-29
1337,723,12,65000,0,3,2026-02-20
1338,377,21,120000,24000,12,2025-05-27
1339,730,28,65000,6500,12,2025-02-21
1340,1667,26,15000,0,3,2025-06-08
1341,1249,38,25000,0,3,2025-05-15
1342,983,15,65000,13000,12,2025-01-25
1343,1269,40,65000,13000,12,2026-01-12
1344,1545,34,90000,18000,12,2025-11-22
1345,1084,35,15000,0,4,2026-02-24
1346,1876,17,120000,24000,12,2025-06-18
1347,1541,28,65000,13000,12,2025-04-18
1348,759,21,65000,0,3,2025-08-28
1349,184,21,120000,0,4,2025-04-24
1350,1529,8,15000,1500,6,2025-04-10
1351,716,8,15000,0,4,2025-06-07
1352,1753,33,65000,0,3,2026-02-28
1353,435,30,15000,0,4,2025-02-01
1354,1874,29,120000,12000,6,2025-07-14
1355,752,19,120000,12000,6,2026-01-20
1356,732,23,40000,4000,12,2025-10-27
1357,936,2,40000,0,3,2025-08-30
1358,605,12,25000,0,3,2025-01-03
1359,72,7,120000,12000,6,2025-02-05
1360,1998,24,25000,0,3,2026-03-01
1361,17,17,40000,0,3,2025-03-11
1362,540,17,120000,12000,12,2025-03-10
1363,1167,12,120000,12000,12,2025-12-22
1364,1102,30,120000,0,4,2026-03-02
1365,1616,7,8000,800,6,2025-04-11
1366,1124,31,40000,0,3,2025-09-17
1367,1559,31,40000,0,4,2025-04-20
1368,1930,23,8000,800,12,2025-11-06
1369,1893,17,15000,0,3,2026-02-08
1370,15,18,40000,0,3,2025-08-19
1371,205,37,90000,18000,6,2025-12-29
1372,203,10,65000,0,4,2026-01-01
1373,1773,37,90000,18000,6,2025-03-19
1374,594,1,15000,0,3,2026-02-11
1375,73,13,8000,800,12,2025-02-21
1376,66,39,120000,0,3,2025-03-19
1377,1170,24,15000,0,3,2026-01-05
1378,62,4,40000,8000,12,2025-08-27
1379,1523,33,40000,4000,12,2026-02-21
1380,648,18,8000,0,4,2025-03-03
1381,971,1,120000,0,3,2025-10-08
1382,1556,20,15000,0,3,2025-01-28
1383,296,22,8000,800,6,2025-03-15
1384,1810,12,120000,24000,6,2026-01-15
1385,964,27,15000,0,3,2025-02-18
1386,1197,35,25000,0,4,2025-05-19
1387,655,35,65000,0,3,2025-02-24
1388,1501,39,40000,0,4,2025-10-04
1389,439,30,65000,6500,6,2026-02-10
1390,898,36,8000,800,12,2025-05-13
1391,1708,13,65000,0,3,2025-07-21
1392,920,3,40000,0,4,2025-09-19
1393,304,1,40000,0,3,2025-05-21
1394,1775,1,90000,0,3,2025-12-18
1395,125,2,15000,0,3,2026-01-25
1396,1216,8,40000,4000,6,2026-01-01
1397,1188,6,8000,0,3,2026-02-13
1398,1913,30,40000,0,3,2025-12-17
1399,615,35,65000,0,4,2025-01-05
1400,104,2,15000,0,3,2025-07-18
1401,1481,16,8000,0,3,2025-08-11
1402,1422,17,8000,1600,12,2025-06-12
1403,915,21,40000,4000,6,2025-05-23
1404,196,4,90000,0,3,2025-03-17
1405,1411,33,120000,12000,12,2025-12-28
1406,1026,5,8000,1600,12,2025-03-14
1407,179,11,8000,0,4,2025-01-09
1408,1287,12,40000,0,3,2025-12-18
1409,1810,3,90000,9000,6,2025-05-27
1410,184,12,8000,0,3,2025-08-23
1411,61,17,8000,0,3,2025-06-29
1412,460,17,40000,8000,6,2026-01-12
1413,785,2,120000,0,4,2025-04-23
1414,532,16,25000,2500,6,2026-01-10
1415,1535,9,120000,0,3,2025-06-12
1416,1441,25,65000,13000,6,2025-01-02
1417,1046,18,120000,24000,12,2025-07-29
1418,1026,37,65000,0,4,2026-02-17
1419,1663,14,120000,0,4,2025-06-10
1420,689,28,15000,0,3,2025-02-26
1421,36,26,65000,0,3,2025-05-12
1422,1374,40,8000,0,3,2026-01-28
1423,1756,28,15000,0,3,2025-08-26
1424,1483,5,120000,12000,12,2025-09-14
1425,330,24,15000,0,3,2025-01-23
1426,243,26,120000,0,3,2025-05-07
1427,109,4,8000,1600,12,2025-03-14
1428,493,7,120000,0,3,2025-09-01
1429,94,7,90000,18000,12,2026-01-26
1430,1732,30,90000,0,4,2025-10-25
1431,458,22,15000,3000,6,2025-02-09
1432,1465,15,15000,1500,6,2025-08-30
1433,1831,13,15000,0,3,2026-03-04
1434,1097,13,120000,0,3,2025-09-09
1435,1843,1,65000,0,3,2025-08-03
1436,31,11,25000,2500,6,2026-02-06
1437,801,38,15000,0,3,2025-04-06
1438,797,29,40000,0,3,2025-12-08
1439,504,37,90000,0,3,2025-11-14
1440,1718,27,8000,0,3,2025-06-14
1441,446,13,40000,0,3,2025-01-03
1442,1270,35,90000,0,3,2025-04-19
1443,49,1,8000,0,3,2025-09-15
1444,1758,15,8000,0,4,2026-02-21
1445,1431,19,90000,18000,12,2026-02-18
1446,7,21,8000,0,3,2025-10-09
1447,1753,8,15000,3000,6,2026-01-29
1448,1654,7,40000,0,4,2025-08-18
1449,771,3,25000,0,3,2025-07-05
1450,315,19,40000,0,3,2026-01-11
1451,290,3,120000,24000,6,2025-08-05
1452,741,25,65000,6500,6,2026-02-28
1453,629,15,40000,0,4,2025-02-20
1454,1446,30,25000,5000,12,2026-03-07
1455,303,29,25000,5000,6,2025-06-20
1456,1400,14,8000,1600,6,2025-03-11
1457,734,39,90000,0,3,2025-08-02
1458,1633,17,90000,0,3,2025-07-28
1459,1598,24,90000,0,4,2025-01-30
1460,972,13,65000,6500,12,2025-12-18
1461,843,29,90000,0,4,2025-04-09
1462,1202,2,15000,1500,6,2025-05-11
1463,933,14,120000,0,3,2026-01-19
1464,1560,5,8000,0,3,2025-09-04
1465,867,11,8000,800,6,2025-11-07
1466,425,38,8000,800,6,2025-03-31
1467,1390,26,25000,0,3,2025-02-18
1468,923,30,8000,0,3,2025-10-07
1469,1819,22,15000,1500,6,2025-07-24
1470,520,18,40000,0,3,2026-03-04
1471,1603,29,65000,0,4,2025-03-23
1472,533,4,40000,0,4,2026-01-15
1473,261,30,65000,0,3,2026-01-13
1474,1684,25,65000,0,3,2025-03-23
1475,927,26,15000,3000,6,2025-01-31
1476,1277,38,40000,0,4,2025-10-29
1477,745,27,8000,1600,6,2026-02-22
1478,1219,3,120000,0,3,2025-10-17
1479,573,17,15000,1500,12,2026-02-21
1480,355,1,15000,0,3,2025-04-09
1481,1856,22,15000,0,4,2025-01-21
1482,463,26,25000,0,3,2025-05-26
1483,395,11,120000,0,3,2026-01-22
1484,15,35,40000,0,3,2025-10-31
1485,332,38,25000,0,3,2026-01-21
1486,498,32,8000,0,3,2025-01-29
1487,570,11,65000,0,4,2025-06-08
1488,1201,9,25000,2500,12,2025-08-18
1489,1368,33,25000,0,3,2025-08-31
1490,1824,40,15000,0,3,2025-02-22
1491,1352,35,65000,6500,12,2025-01-03
1492,555,14,25000,0,3,2025-01-06
1493,1060,29,15000,0,3,2025-06-03
1494,767,17,65000,0,3,2025-08-27
1495,1287,21,120000,0,4,2025-12-29
1496,85,28,65000,13000,6,2026-01-31
1497,1788,40,8000,0,4,2025-07-01
1498,1810,34,25000,0,3,2025-08-10
1499,277,26,25000,5000,6,2026-02-01
1500,1766,21,25000,0,3,2025-07-05
1501,376,23,15000,0,3,2025-10-12
1502,916,12,120000,0,4,2025-03-28
1503,1624,11,120000,0,3,2025-02-16
1504,1217,1,65000,0,3,2025-10-19
1505,276,27,90000,9000,6,2026-03-02
1506,978,19,15000,0,3,2025-04-10
1507,1178,15,90000,0,3,2025-01-26
1508,178,38,25000,2500,6,2025-03-24
1509,657,26,90000,0,3,2025-09-06
1510,801,19,40000,0,3,2025-08-31
1511,949,12,25000,0,3,2025-10-21
1512,1756,15,40000,0,3,2026-02-27
1513,580,6,8000,1600,12,2025-02-28
1514,977,27,40000,8000,6,2025-08-26
1515,1803,28,8000,0,4,2025-11-16
1516,178,32,65000,6500,6,2025-09-19
1517,912,20,65000,0,3,2025-05-27
1518,708,28,15000,0,4,2025-03-28
1519,339,23,120000,0,3,2025-10-19
1520,576,30,15000,1500,6,2026-01-25
1521,1282,21,65000,0,4,2025-04-27
1522,658,38,25000,0,3,2026-01-07
1523,1377,28,8000,0,4,2025-10-01
1524,565,14,65000,0,4,2025-09-16
1525,1800,27,120000,0,4,2025-11-30
1526,754,20,15000,1500,6,2026-01-22
1527,1182,8,90000,0,3,2025-09-01
1528,745,27,25000,0,3,2025-01-11
1529,910,18,15000,0,3,2025-01-19
1530,46,26,40000,4000,6,2025-07-22
1531,1590,6,65000,0,4,2025-09-01
1532,1385,39,120000,0,4,2025-09-15
1533,624,11,40000,0,3,2025-10-21
1534,1636,21,120000,0,4,2026-01-15
1535,538,36,40000,0,3,2025-12-22
1536,383,4,40000,4000,6,2025-01-16
1537,1379,37,120000,12000,12,2026-01-28
1538,950,6,15000,0,3,2026-01-29
1539,830,38,25000,0,3,2025-11-09
1540,1962,21,90000,0,3,2025-02-14
1541,921,2,120000,24000,12,2025-07-03
1542,1663,4,120000,0,3,2025-12-04
1543,792,25,40000,4000,12,2025-08-01
1544,235,31,40000,0,3,2025-04-13
1545,64,33,8000,0,3,2025-08-17
1546,1083,11,40000,0,3,2025-03-23
1547,1541,2,25000,5000,12,2026-03-03
1548,182,5,90000,18000,6,2025-11-25
1549,272,1,40000,8000,6,2026-02-14
1550,1890,27,90000,0,3,2025-01-30
1551,1291,12,25000,5000,12,2025-04-22
1552,1200,6,65000,0,3,2025-07-28
1553,375,36,15000,0,3,2025-07-06
1554,2,9,65000,13000,6,2025-05-08
1555,456,28,25000,0,4,2025-01-22
1556,1790,26,8000,0,3,2025-12-14
1557,1021,16,120000,24000,12,2025-06-30
1558,582,38,120000,24000,12,2025-11-06
1559,23,25,65000,6500,12,2025-07-30
1560,1455,32,65000,13000,12,2025-07-24
1561,1236,34,25000,0,3,2025-02-18
1562,10,5,8000,0,3,2025-07-26
1563,1960,20,120000,12000,12,2025-03-17
1564,272,3,120000,24000,12,2025-11-22
1565,114,34,65000,0,3,2025-06-18
1566,1247,7,40000,8000,6,2025-10-19
1567,175,31,15000,0,3,2025-10-01
1568,1918,34,40000,4000,6,2025-11-12
1569,1006,17,120000,0,4,2025-05-07
1570,1742,26,15000,3000,6,2025-12-03
1571,1552,37,40000,0,3,2025-04-26
1572,1210,13,25000,2500,12,2025-12-22
1573,564,29,25000,0,4,2026-02-19
1574,1774,9,40000,8000,12,2025-01-14
1575,1969,11,90000,0,3,2025-09-05
1576,1990,17,40000,0,3,2025-06-30
1577,1493,7,90000,0,3,2025-10-06
1578,1371,24,120000,24000,12,2026-01-03
1579,1828,1,8000,800,12,2025-05-26
1580,1572,3,120000,0,3,2025-07-21
1581,1352,29,90000,0,3,2025-11-18
1582,186,25,15000,3000,12,2025-06-14
1583,1031,33,120000,0,3,2025-05-15
1584,1985,3,90000,18000,12,2025-09-16
1585,687,35,8000,0,3,2025-07-13
1586,382,8,120000,12000,6,2025-03-25
1587,975,31,40000,0,3,2025-11-04
1588,1769,35,90000,0,3,2025-09-03
1589,593,25,120000,0,3,2025-08-16
1590,836,9,120000,24000,6,2025-08-04
1591,1535,25,8000,0,3,2025-04-29
1592,443,25,65000,6500,6,2026-02-21
1593,889,1,40000,4000,6,2025-01-22
1594,1202,3,120000,0,3,2025-01-06
1595,748,9,8000,0,3,2025-11-24
1596,1165,30,120000,0,4,2025-08-24
1597,1277,35,8000,0,3,2025-07-20
1598,1355,21,40000,0,4,2026-02-22
1599,1421,19,90000,18000,12,2025-05-27
1600,1776,11,40000,0,3,2025-07-23
1601,645,27,65000,6500,6,2025-09-10
1602,917,1,40000,0,3,2025-10-05
1603,724,5,15000,0,3,2025-01-09
1604,139,29,15000,0,3,2025-07-11
1605,867,4,8000,0,4,2026-02-19
1606,154,14,25000,0,4,2025-04-02
1607,1499,24,90000,18000,6,2025-01-29
1608,1554,34,90000,0,3,2025-10-21
1609,880,22,40000,4000,12,2026-01-03
1610,767,30,65000,0,3,2025-07-22
1611,1111,17,120000,0,3,2025-08-31
1612,886,32,8000,1600,12,2025-03-25
1613,1671,26,15000,0,3,2025-06-14
1614,1881,16,15000,3000,6,2025-05-13
1615,45,37,90000,0,3,2025-05-03
1616,1058,18,120000,0,3,2026-01-25
1617,1822,39,8000,800,12,2025-12-04
1618,414,36,90000,9000,12,2025-10-19
1619,1872,9,120000,12000,6,2026-02-01
1620,1956,26,65000,0,3,2026-01-07
1621,425,36,40000,0,3,2026-02-15
1622,348,40,65000,0,4,2025-06-21
1623,1312,31,120000,0,3,2026-01-08
1624,1384,28,25000,0,3,2025-09-11
1625,761,37,40000,0,3,2025-08-21
1626,1649,33,15000,1500,6,2025-01-21
1627,646,39,40000,0,4,2025-10-21
1628,1725,39,65000,13000,12,2026-01-19
1629,293,27,65000,0,3,2025-05-25
1630,1998,38,15000,0,3,2025-03-07
1631,1353,7,15000,1500,12,2025-02-21
1632,1924,32,120000,24000,12,2025-04-09
1633,139,25,90000,18000,12,2025-06-18
1634,1162,25,40000,8000,6,2025-09-21
1635,1720,35,8000,0,3,2026-02-16
1636,730,21,8000,1600,6,2025-01-04
1637,1820,32,120000,0,4,2025-06-17
1638,108,25,8000,0,3,2025-05-21
1639,732,5,90000,0,3,2025-05-30
1640,1827,17,15000,0,3,2025-02-24
1641,1642,13,8000,0,3,2025-06-01
1642,1714,21,120000,0,3,2025-09-20
1643,94,40,15000,1500,6,2025-01-11
1644,1498,4,120000,0,4,2025-01-24
1645,1196,28,25000,2500,12,2025-04-19
1646,612,21,25000,2500,12,2025-11-09
1647,1174,17,90000,0,3,2025-09-13
1648,346,40,40000,0,3,2025-12-03
1649,681,34,25000,2500,12,2025-02-16
1650,1249,24,40000,8000,6,2025-09-30
1651,1719,39,8000,800,12,2025-04-14
1652,340,30,65000,0,4,2026-01-02
1653,787,26,15000,0,3,2025-08-16
1654,960,35,120000,12000,12,2025-02-17
1655,451,31,90000,0,3,2025-08-24
1656,74,28,120000,12000,12,2025-12-14
1657,1285,29,25000,0,3,2025-12-27
1658,1677,35,65000,0,3,2025-10-31
1659,723,38,65000,0,3,2025-08-25
1660,830,36,65000,6500,6,2025-09-19
1661,163,10,90000,18000,6,2025-01-09
1662,317,37,8000,800,12,2026-01-13
1663,1789,8,40000,4000,12,2025-07-25
1664,1996,13,65000,6500,6,2025-09-19
1665,206,21,15000,0,3,2026-01-28
1666,261,6,8000,0,4,2025-12-13
1667,1043,35,25000,0,4,2025-01-23
1668,1542,10,8000,0,3,2025-09-05
1669,665,26,65000,6500,6,2025-07-25
1670,1648,18,15000,0,4,2025-03-14
1671,51,15,120000,0,4,2025-10-22
1672,1921,9,40000,0,3,2025-02-03
1673,1779,8,90000,0,3,2025-09-17
1674,1357,29,15000,1500,12,2025-12-28
1675,1316,11,90000,0,4,2025-12-28
1676,142,36,40000,0,4,2025-02-16
1677,615,19,40000,0,3,2025-01-13
1678,708,37,90000,0,3,2025-04-01
1679,870,5,90000,9000,12,2025-05-18
1680,1432,4,25000,5000,6,2026-03-05
1681,1212,9,8000,0,3,2025-05-28
1682,870,23,8000,0,3,2026-01-30
1683,852,25,65000,0,3,2025-03-01
1684,4,9,40000,0,3,2025-07-31
1685,276,9,120000,0,3,2025-03-31
1686,1135,15,15000,3000,6,2025-02-07
1687,307,20,8000,0,4,2025-11-11
1688,433,16,65000,0,3,2025-01-14
1689,890,20,120000,24000,6,2025-06-05
1690,137,37,15000,1500,6,2026-01-20
1691,1743,17,90000,18000,6,2025-09-06
1692,704,5,90000,0,4,2025-04-02
1693,370,35,40000,4000,6,2025-10-09
1694,566,25,25000,0,4,2025-02-03
1695,305,23,120000,0,3,2025-10-25
1696,438,5,65000,0,4,2025-08-27
1697,1333,28,15000,3000,6,2025-05-27
1698,1977,16,90000,18000,12,2026-01-06
1699,1936,1,15000,0,3,2025-07-31
1700,867,20,65000,13000,6,2025-01-24
1701,501,5,65000,0,3,2026-02-25
1702,109,12,40000,0,3,2025-01-07
1703,1864,2,90000,0,4,2025-11-28
1704,56,26,25000,0,3,2025-02-19
1705,1513,38,25000,0,4,2025-02-08
1706,264,9,15000,1500,12,2025-05-08
1707,1968,40,8000,0,3,2025-12-02
1708,429,15,65000,0,4,2025-05-12
1709,1632,14,65000,6500,6,2025-04-03
1710,1026,26,25000,0,3,2025-04-21
1711,541,38,8000,0,3,2026-02-11
1712,1495,38,90000,0,3,2025-03-31
1713,567,37,90000,9000,6,2025-11-22
1714,686,12,120000,0,3,2026-03-04
1715,548,32,120000,0,3,2025-10-16
1716,1269,27,15000,1500,12,2026-02-08
1717,327,19,40000,8000,12,2025-05-08
1718,1892,38,15000,3000,6,2025-05-29
1719,1526,36,90000,9000,6,2025-11-27
1720,1370,37,90000,9000,6,2025-09-14
1721,1380,33,120000,0,3,2025-07-01
1722,1019,14,15000,0,3,2025-01-15
1723,1932,7,15000,0,3,2025-12-20
1724,1176,14,15000,3000,6,2025-10-12
1725,1534,38,120000,0,3,2025-05-23
1726,1879,13,120000,12000,6,2025-06-26
1727,1036,6,65000,0,4,2026-02-25
1728,182,40,25000,5000,12,2026-01-03
1729,348,23,8000,800,6,2025-01-17
1730,399,15,120000,0,3,2026-01-25
1731,1960,18,40000,4000,6,2025-12-07
1732,1230,14,120000,24000,6,2025-02-06
1733,1831,3,90000,0,3,2025-06-09
1734,1532,5,65000,0,3,2025-07-26
1735,529,33,8000,0,3,2025-03-15
1736,654,13,8000,0,3,2025-03-21
1737,421,35,120000,12000,12,2025-09-06
1738,1897,2,90000,0,4,2025-10-26
1739,593,6,65000,0,3,2025-09-24
1740,1583,39,90000,0,3,2025-09-06
1741,1762,28,40000,0,4,2025-09-09
1742,1259,8,40000,0,4,2025-11-23
1743,244,23,90000,0,3,2025-05-08
1744,679,4,25000,0,3,2025-02-12
1745,1668,23,40000,8000,12,2025-02-04
1746,1067,34,65000,13000,12,2025-10-26
1747,887,29,90000,0,4,2025-10-30
1748,1816,10,65000,0,4,2026-02-03
1749,1558,24,40000,4000,6,2025-03-21
1750,603,18,8000,0,3,2025-12-06
1751,534,3,120000,0,3,2025-08-04
1752,1109,39,90000,18000,6,2025-01-02
1753,250,23,65000,0,3,2025-04-09
1754,371,12,65000,0,3,2025-03-15
1755,1078,13,25000,0,3,2025-08-30
1756,1488,36,8000,0,3,2025-05-20
1757,1917,16,8000,0,3,2026-02-05
1758,338,34,120000,12000,6,2025-06-13
1759,1074,16,8000,1600,12,2025-10-12
1760,1639,30,40000,8000,12,2025-05-28
1761,1368,10,65000,6500,12,2025-08-26
1762,1116,18,25000,0,3,2025-10-20
1763,1413,20,90000,0,3,2025-10-18
1764,796,22,8000,0,3,2025-07-13
1765,910,3,25000,0,4,2026-01-23
1766,613,38,65000,0,3,2025-12-06
1767,1049,18,90000,0,3,2025-04-23
1768,942,32,25000,0,4,2025-06-01
1769,1524,10,15000,0,3,2025-12-12
1770,561,6,8000,0,3,2025-09-20
1771,506,26,25000,0,4,2026-01-04
1772,787,12,120000,12000,12,2025-05-25
1773,1384,39,120000,0,4,2025-11-14
1774,1076,25,65000,0,3,2025-11-24
1775,1854,40,40000,4000,6,2025-11-06
1776,55,20,15000,0,3,2025-11-04
1777,1843,26,15000,1500,12,2025-12-17
1778,249,15,8000,0,3,2026-01-20
1779,93,27,15000,0,3,2025-01-04
1780,174,39,15000,3000,6,2025-11-13
1781,1434,32,40000,0,4,2025-06-24
1782,465,1,120000,0,3,2025-11-15
1783,1971,25,15000,0,3,2026-01-16
1784,904,19,25000,5000,6,2025-05-26
1785,1885,6,65000,0,3,2025-12-13
1786,120,23,40000,0,4,2025-12-31
1787,1135,6,120000,12000,12,2025-01-14
1788,50,25,90000,18000,12,2025-09-02
1789,1780,9,15000,0,3,2025-10-27
1790,171,19,40000,0,3,2025-04-23
1791,929,22,8000,0,3,2025-01-21
1792,425,10,90000,0,3,2025-12-26
1793,1989,31,15000,0,3,2025-11-10
1794,1642,32,65000,0,3,2025-12-04
1795,194,7,15000,0,3,2025-09-26
1796,600,12,90000,18000,6,2025-03-25
1797,452,16,25000,0,4,2025-05-24
1798,1084,29,40000,8000,6,2025-11-11
1799,629,27,8000,0,3,2026-03-02
1800,670,25,15000,3000,12,2025-10-24
1801,1515,21,65000,0,3,2025-04-02
1802,150,9,25000,0,3,2025-12-17
1803,1613,13,15000,0,3,2025-01-03
1804,1758,9,25000,5000,6,2025-05-27
1805,192,19,65000,6500,12,2025-11-29
1806,820,29,90000,18000,6,2025-02-02
1807,1826,34,120000,0,3,2025-01-14
1808,420,14,25000,2500,12,2026-02-23
1809,1429,14,90000,0,3,2025-09-13
1810,50,36,65000,0,3,2025-08-11
1811,299,17,120000,0,3,2025-02-28
1812,159,7,120000,0,3,2025-01-26
1813,1108,4,25000,2500,12,2025-09-01
1814,156,14,40000,8000,12,2025-07-27
1815,212,26,90000,0,3,2025-11-16
1816,1125,17,8000,1600,6,2025-08-18
1817,893,6,90000,0,3,2025-09-05
1818,1693,25,8000,1600,12,2025-02-27
1819,1319,35,25000,0,4,2025-04-08
1820,579,11,15000,1500,12,2025-05-03
1821,9,13,120000,0,3,2025-11-06
1822,1214,36,40000,8000,6,2025-04-02
1823,1792,34,25000,0,3,2025-03-26
1824,1676,13,8000,1600,12,2025-05-03
1825,288,21,120000,24000,12,2025-03-03
1826,289,13,120000,0,4,2026-01-02
1827,962,7,90000,18000,6,2025-06-28
1828,1581,26,65000,13000,6,2025-12-30
1829,33,2,25000,0,4,2025-04-10
1830,402,30,90000,18000,6,2025-03-12
1831,940,2,90000,0,3,2025-11-16
1832,686,32,8000,0,3,2025-08-04
1833,90,5,90000,0,3,2025-01-20
1834,276,26,65000,0,3,2025-01-16
1835,452,21,65000,6500,6,2025-06-22
1836,1168,6,65000,13000,6,2025-05-26
1837,1796,14,15000,0,3,2026-02-20
1838,636,26,120000,12000,12,2025-03-16
1839,655,6,25000,2500,6,2025-02-14
1840,1495,4,90000,0,3,2025-07-25
1841,782,39,120000,0,3,2025-08-04
1842,1207,4,8000,0,3,2025-01-30
1843,1658,20,8000,0,3,2025-09-24
1844,133,22,90000,0,4,2025-06-21
1845,1298,29,90000,0,3,2025-05-15
1846,1049,6,15000,1500,12,2025-07-21
1847,75,23,120000,0,3,2026-03-01
1848,1239,29,40000,4000,6,2025-11-10
1849,972,27,40000,4000,12,2025-12-08
1850,1043,32,120000,0,3,2025-12-20
1851,51,6,40000,8000,12,2025-05-01
1852,917,26,90000,0,3,2025-10-19
1853,950,19,65000,6500,12,2025-11-25
1854,1996,39,15000,3000,6,2025-08-27
1855,1881,19,8000,0,3,2025-06-12
1856,1171,5,40000,4000,12,2025-06-18
1857,9,39,25000,0,3,2025-11-30
1858,1310,30,120000,24000,6,2025-10-15
1859,697,1,90000,0,3,2025-02-22
1860,823,39,65000,0,3,2025-03-29
1861,1682,8,40000,4000,12,2025-04-07
1862,532,37,90000,9000,6,2025-11-30
1863,1653,18,90000,0,3,2026-02-05
1864,1616,14,8000,1600,6,2025-05-11
1865,780,28,8000,0,4,2026-01-06
1866,1151,15,15000,0,4,2025-09-17
1867,890,26,40000,0,3,2026-03-03
1868,748,34,120000,24000,6,2025-01-16
1869,1775,35,15000,3000,6,2025-06-03
1870,1501,1,40000,0,3,2025-07-25
1871,466,32,8000,1600,6,2025-10-18
1872,687,36,40000,0,3,2025-02-02
1873,615,22,15000,0,3,2025-12-13
1874,1862,30,8000,0,3,2025-04-27
1875,386,6,120000,0,4,2025-11-14
1876,563,11,25000,2500,12,2025-12-03
1877,1073,24,90000,0,3,2025-02-26
1878,532,28,25000,0,3,2025-05-30
1879,705,23,8000,1600,6,2025-02-18
1880,852,30,65000,0,3,2025-04-06
1881,1733,6,120000,0,3,2025-02-18
1882,1559,28,90000,0,3,2026-01-04
1883,1077,8,65000,0,4,2025-01-15
1884,869,37,65000,0,3,2025-10-29
1885,1891,40,120000,0,3,2026-02-09
1886,67,22,25000,0,4,2025-01-31
1887,1941,12,90000,0,3,2025-04-27
1888,632,33,120000,12000,12,2026-02-28
1889,821,20,65000,0,3,2025-07-09
1890,272,31,15000,0,4,2025-02-24
1891,226,22,65000,6500,12,2025-04-05
1892,1361,38,90000,0,3,2025-01-20
1893,1400,38,40000,0,3,2025-01-09
1894,1756,11,8000,800,6,2026-02-19
1895,321,7,120000,12000,12,2025-04-28
1896,999,1,65000,13000,12,2025-03-12
1897,1148,32,15000,1500,6,2025-01-04
1898,927,26,25000,5000,12,2025-11-01
1899,155,16,8000,0,3,2025-09-16
1900,206,16,8000,0,4,2025-02-06
1901,202,16,15000,0,3,2025-03-23
1902,1404,5,8000,800,12,2025-03-30
1903,1328,32,90000,18000,12,2025-08-27
1904,889,16,40000,0,3,2025-01-05
1905,940,1,15000,0,3,2025-02-23
1906,741,17,25000,0,4,2025-11-15
1907,1229,12,25000,2500,6,2025-06-26
1908,1537,10,120000,24000,12,2025-12-19
1909,1926,2,40000,4000,12,2026-02-02
1910,340,9,25000,0,3,2026-01-18
1911,361,32,25000,5000,6,2025-06-04
1912,1402,20,120000,0,3,2025-08-02
1913,231,39,65000,0,3,2025-06-01
1914,1724,17,40000,0,3,2025-05-15
1915,7,2,15000,1500,6,2025-01-12
1916,1530,10,25000,2500,12,2026-01-27
1917,132,3,15000,0,4,2025-11-03
1918,263,33,65000,6500,6,2025-02-11
1919,1336,4,90000,18000,12,2025-08-17
1920,227,18,40000,0,3,2025-02-24
1921,1133,40,65000,0,3,2025-07-02
1922,1295,21,40000,0,3,2025-02-09
1923,345,39,120000,0,3,2025-04-13
1924,858,39,15000,1500,6,2026-02-23
1925,1077,38,120000,0,3,2025-10-21
1926,1564,14,8000,0,3,2025-12-24
1927,387,11,40000,0,4,2025-08-07
1928,963,40,15000,0,3,2026-03-05
1929,636,39,120000,0,3,2026-01-22
1930,761,34,25000,0,4,2025-11-04
1931,314,31,65000,6500,12,2025-12-15
1932,1708,39,25000,0,3,2026-02-19
1933,1705,32,90000,0,4,2025-11-19
1934,249,35,120000,0,3,2025-07-27
1935,1482,36,120000,0,3,2025-02-20
1936,1236,16,15000,0,3,2025-07-19
1937,743,38,65000,13000,6,2025-11-30
1938,674,6,90000,0,3,2025-09-05
1939,1914,28,65000,6500,6,2025-04-21
1940,626,9,90000,0,3,2025-01-06
1941,1661,4,65000,6500,12,2025-12-19
1942,1329,20,65000,0,3,2025-02-18
1943,323,18,90000,0,3,2025-03-21
1944,1437,6,40000,0,4,2025-08-13
1945,212,20,120000,24000,12,2025-11-10
1946,192,40,120000,0,4,2025-06-03
1947,652,25,90000,0,3,2025-01-14
1948,496,31,90000,0,3,2025-01-19
1949,1168,23,15000,0,3,2025-11-04
1950,1281,35,120000,0,3,2025-02-17
1951,260,18,120000,0,4,2026-02-06
1952,1050,13,90000,0,3,2025-08-06
1953,1951,16,65000,6500,12,2025-12-12
1954,1663,19,40000,0,4,2025-09-17
1955,43,29,25000,0,4,2025-10-11
1956,1247,18,120000,24000,12,2026-01-24
1957,1231,7,15000,0,4,2025-06-17
1958,1644,36,40000,0,3,2025-05-13
1959,435,18,15000,3000,12,2025-05-21
1960,175,17,65000,0,3,2025-08-10
1961,1631,29,15000,3000,12,2026-01-24
1962,1406,7,40000,0,3,2025-09-16
1963,1986,24,25000,0,3,2025-04-15
1964,1323,22,25000,0,3,2025-05-23
1965,278,17,25000,0,3,2025-06-25
1966,1843,22,90000,9000,12,2026-03-02
1967,1104,21,120000,0,3,2025-01-29
1968,1054,5,40000,0,4,2026-01-22
1969,1375,25,120000,0,3,2025-10-14
1970,45,6,120000,0,3,2026-01-04
1971,1981,40,25000,0,3,2025-11-04
1972,718,34,120000,24000,6,2025-03-17
1973,1531,28,8000,0,3,2025-03-17
1974,826,33,65000,0,4,2025-11-18
1975,402,15,8000,0,3,2025-10-03
1976,919,15,120000,0,3,2026-01-01
1977,355,27,40000,8000,6,2025-07-02
1978,1667,32,65000,13000,12,2025-09-18
1979,1799,2,90000,18000,6,2025-08-17
1980,1787,10,8000,0,4,2025-05-25
1981,156,21,25000,0,3,2025-04-13
1982,1616,3,65000,0,3,2025-11-15
1983,816,23,40000,0,4,2026-02-12
1984,1341,28,15000,3000,12,2025-06-25
1985,144,4,90000,0,3,2025-10-20
1986,1708,21,8000,1600,12,2025-02-09
1987,1046,27,40000,0,3,2025-08-18
1988,1375,25,65000,13000,6,2026-01-11
1989,35,34,65000,13000,12,2025-06-25
1990,1277,35,25000,2500,6,2025-06-11
1991,771,3,8000,1600,12,2025-04-21
1992,6,13,120000,0,3,2025-06-04
1993,1877,15,90000,0,3,2025-01-09
1994,636,32,65000,13000,6,2025-02-12
1995,18,10,90000,0,3,2025-09-16
1996,1095,6,120000,0,4,2025-08-03
1997,704,40,65000,0,4,2025-10-09
1998,740,34,40000,0,4,2025-10-11
1999,441,35,65000,0,3,2026-01-24
2000,1122,3,120000,12000,12,2025-09-30
2001,1177,30,90000,18000,12,2025-02-22
2002,403,16,90000,9000,6,2025-06-01
2003,922,29,25000,0,3,2025-06-07
2004,1360,21,65000,13000,12,2025-07-04
2005,854,20,15000,0,3,2025-06-24
2006,1414,40,90000,18000,6,2025-02-23
2007,312,6,40000,4000,12,2025-03-14
2008,708,37,8000,0,3,2026-01-17
2009,101,13,15000,3000,12,2026-01-25
2010,1649,13,15000,0,4,2026-01-12
2011,1846,3,25000,0,3,2025-06-01
2012,590,36,120000,12000,6,2025-01-09
2013,86,38,120000,24000,6,2025-08-19
2014,884,9,120000,0,4,2025-11-18
2015,152,14,90000,9000,12,2025-08-06
2016,1363,29,65000,0,4,2026-03-02
2017,1557,17,25000,0,3,2025-04-17
2018,631,5,65000,0,4,2026-01-03
2019,903,9,15000,0,4,2025-07-05
2020,1680,37,90000,0,3,2025-04-21
2021,1771,33,8000,1600,12,2025-09-10
2022,1557,8,65000,0,3,2026-01-03
2023,875,35,8000,1600,6,2025-04-18
2024,983,18,25000,2500,12,2025-05-23
2025,1229,11,120000,0,4,2025-12-17
2026,1446,19,90000,0,3,2025-02-14
2027,1719,8,25000,0,3,2025-08-16
2028,1256,27,15000,0,4,2025-06-21
2029,903,34,8000,1600,12,2025-06-09
2030,1179,31,90000,0,4,2026-01-24
2031,1556,35,65000,0,4,2025-03-06
2032,1163,34,40000,4000,12,2025-07-15
2033,768,34,40000,0,3,2025-04-23
2034,854,2,25000,0,4,2025-06-17
2035,1908,26,120000,0,4,2025-09-06
2036,810,20,25000,0,3,2025-11-19
2037,838,29,65000,0,4,2025-12-30
2038,1480,14,25000,0,4,2025-02-13
2039,183,11,65000,0,3,2025-06-13
2040,1314,33,25000,5000,6,2025-11-07
2041,1244,33,90000,9000,12,2025-02-12
2042,558,29,25000,5000,12,2025-11-26
2043,1329,14,90000,18000,12,2025-06-05
2044,998,26,65000,0,3,2026-01-29
2045,1216,30,15000,0,4,2025-06-27
2046,947,30,90000,0,4,2025-06-20
2047,1422,35,90000,0,4,2026-02-24
2048,213,15,25000,5000,6,2025-09-14
2049,311,16,15000,3000,12,2025-08-28
2050,1613,34,8000,0,3,2025-07-26
2051,438,20,15000,0,3,2025-07-30
2052,1298,7,25000,5000,6,2025-02-22
2053,86,34,25000,5000,12,2026-01-01
2054,207,2,15000,3000,12,2025-01-14
2055,1535,24,15000,0,3,2025-12-27
2056,723,13,90000,0,3,2025-07-25
2057,1441,34,120000,0,4,2025-12-11
2058,554,6,15000,1500,12,2025-03-07
2059,1998,40,90000,0,4,2025-09-10
2060,905,5,120000,24000,12,2025-12-31
2061,1149,10,25000,5000,6,2026-02-16
2062,1450,5,90000,18000,6,2025-05-02
2063,155,17,120000,0,3,2025-04-11
2064,1891,7,40000,0,3,2026-02-17
2065,925,17,120000,0,4,2025-07-21
2066,574,19,25000,0,4,2025-04-03
2067,1047,2,40000,4000,6,2025-04-20
2068,1599,7,90000,18000,6,2026-03-05
2069,340,2,90000,0,3,2025-07-15
2070,1997,4,25000,0,4,2025-05-05
2071,401,1,15000,1500,6,2025-10-05
2072,223,35,90000,18000,6,2025-08-04
2073,1304,27,90000,9000,6,2025-08-04
2074,211,33,8000,0,4,2025-10-15
2075,1341,22,120000,0,4,2025-07-18
2076,822,3,65000,6500,12,2025-02-25
2077,253,36,65000,6500,6,2025-12-28
2078,138,39,25000,0,3,2025-03-02
2079,288,12,40000,0,3,2025-03-29
2080,290,39,65000,0,3,2025-05-22
2081,9,27,90000,9000,12,2025-04-09
2082,624,4,90000,0,3,2025-03-25
2083,753,33,8000,1600,12,2025-04-07
2084,1859,4,25000,5000,6,2025-01-17
2085,1108,15,8000,1600,6,2025-06-18
2086,1565,26,120000,24000,12,2025-03-01
2087,467,15,15000,0,3,2026-01-25
2088,1779,22,40000,0,4,2026-01-22
2089,1728,8,120000,0,3,2026-01-07
2090,333,31,120000,0,4,2025-06-24
2091,804,20,8000,1600,6,2025-02-25
2092,311,11,65000,13000,12,2025-03-18
2093,1889,27,40000,4000,12,2025-08-11
2094,1801,29,65000,0,3,2025-08-28
2095,354,12,65000,13000,12,2025-03-08
2096,517,18,65000,0,3,2025-11-12
2097,1393,1,25000,0,3,2025-10-17
2098,662,9,40000,8000,12,2025-06-24
2099,503,7,40000,0,4,2025-09-30
2100,664,16,120000,0,3,2025-09-29
2101,983,36,25000,0,3,2025-07-06
2102,87,15,90000,0,3,2025-01-15
2103,1848,6,8000,800,6,2025-05-08
2104,1884,34,65000,6500,6,2025-10-17
2105,971,37,65000,0,3,2025-03-30
2106,1557,12,15000,0,3,2025-01-05
2107,1437,3,25000,0,3,2025-01-10
2108,1924,2,8000,0,3,2025-12-17
2109,610,24,40000,0,4,2026-01-06
2110,114,18,15000,0,3,2025-11-14
2111,1598,7,90000,0,3,2025-11-29
2112,471,26,15000,0,3,2025-05-22
2113,1040,32,8000,1600,12,2025-04-14
2114,549,35,40000,4000,6,2025-03-10
2115,1017,39,8000,1600,12,2026-01-05
2116,245,36,15000,0,3,2025-10-20
2117,1986,37,90000,0,3,2025-04-27
2118,1036,11,40000,8000,12,2026-01-22
2119,1643,39,120000,0,3,2025-08-08
2120,1701,30,120000,24000,6,2025-01-10
2121,790,9,40000,0,3,2025-10-26
2122,1491,29,25000,5000,12,2025-04-02
2123,1237,25,40000,0,3,2025-09-23
2124,457,34,90000,0,4,2026-01-21
2125,1313,19,65000,0,3,2025-05-19
2126,1163,19,8000,0,3,2025-11-17
2127,1801,11,15000,0,4,2025-08-01
2128,453,27,15000,0,3,2025-11-01
2129,1869,7,25000,0,3,2026-01-03
2130,1541,30,90000,0,3,2025-02-25
2131,863,37,25000,5000,6,2025-02-03
2132,919,20,25000,5000,12,2025-04-22
2133,1520,20,120000,0,3,2025-08-09
2134,294,39,8000,0,3,2025-01-06
2135,139,20,120000,24000,6,2025-06-03
2136,361,16,8000,0,4,2025-12-04
2137,1938,37,25000,0,4,2025-08-15
2138,655,14,8000,0,4,2025-10-28
2139,685,30,90000,0,3,2025-10-13
2140,568,22,40000,0,3,2025-01-11
2141,208,12,40000,0,4,2025-04-28
2142,113,16,90000,9000,6,2025-04-08
2143,669,7,120000,0,3,2025-05-08
2144,111,38,25000,5000,12,2025-07-02
2145,1753,6,120000,0,4,2025-07-10
2146,1685,23,8000,0,3,2025-10-28
2147,1263,31,25000,0,3,2025-11-09
2148,356,33,120000,0,3,2025-08-10
2149,1526,27,8000,800,6,2025-05-06
2150,939,28,120000,0,3,2025-01-05
2151,1244,36,8000,0,4,2025-03-20
2152,1405,14,25000,0,3,2025-02-09
2153,224,3,120000,12000,12,2026-01-17
2154,1637,26,8000,0,4,2025-04-17
2155,182,34,40000,8000,12,2025-09-18
2156,25,31,15000,1500,12,2025-09-03
2157,955,34,25000,0,3,2025-08-04
2158,1951,34,40000,8000,12,2026-01-29
2159,533,25,40000,0,3,2025-07-30
2160,764,5,65000,13000,6,2025-09-27
2161,720,39,40000,0,3,2025-07-01
2162,1032,4,120000,0,3,2025-05-08
2163,276,23,90000,0,3,2025-01-09
2164,492,31,120000,0,3,2026-01-24
2165,776,32,15000,0,3,2025-12-13
2166,761,19,40000,0,3,2026-03-06
2167,284,24,25000,0,3,2025-03-15
2168,701,19,90000,0,3,2025-01-13
2169,1293,30,120000,24000,6,2025-10-18
2170,1635,19,8000,0,3,2025-04-20
2171,597,15,65000,0,3,2025-01-16
2172,218,29,90000,0,4,2025-09-09
2173,1049,40,40000,0,3,2026-01-22
2174,298,22,65000,6500,6,2025-09-25
2175,460,19,8000,0,3,2025-05-08
2176,1351,24,25000,0,3,2025-04-05
2177,1582,33,120000,0,3,2025-09-22
2178,1454,35,40000,4000,6,2025-07-31
2179,1196,36,90000,9000,12,2025-09-06
2180,297,11,15000,0,3,2025-06-05
2181,1484,5,65000,6500,6,2025-10-02
2182,1716,8,15000,0,3,2025-01-22
2183,1885,17,40000,4000,12,2025-12-14
2184,1789,33,120000,0,3,2025-08-21
2185,1820,20,25000,2500,6,2026-01-11
2186,191,13,8000,0,4,2025-05-15
2187,1429,15,25000,0,3,2025-01-05
2188,1029,24,25000,2500,6,2025-06-08
2189,1079,14,120000,24000,12,2025-12-05
2190,1620,4,40000,8000,12,2025-12-05
2191,8,39,90000,18000,12,2025-11-13
2192,1707,25,8000,0,3,2025-06-03
2193,713,32,90000,9000,12,2025-02-03
2194,796,19,15000,1500,6,2025-06-14
2195,958,1,25000,2500,12,2025-09-18
2196,1340,31,120000,0,3,2025-09-06
2197,227,5,8000,800,6,2026-02-22
2198,587,19,8000,0,4,2025-03-29
2199,1360,37,15000,3000,12,2025-04-29
2200,1265,38,8000,0,4,2026-01-23
2201,1961,40,40000,0,3,2026-01-04
2202,1564,28,15000,3000,12,2025-08-21
2203,1360,6,120000,24000,6,2025-12-04
2204,882,1,40000,4000,6,2025-11-08
2205,796,9,90000,0,3,2025-03-02
2206,821,14,25000,5000,6,2026-01-20
2207,1228,16,8000,0,3,2025-09-06
2208,1954,38,65000,13000,6,2026-01-06
2209,15,4,15000,1500,6,2025-11-15
2210,395,36,8000,1600,12,2025-08-01
2211,980,9,90000,18000,12,2026-01-27
2212,1287,27,90000,9000,6,2025-09-10
2213,1800,9,120000,12000,12,2025-02-06
2214,649,40,65000,0,3,2025-08-05
2215,302,15,8000,0,3,2025-05-21
2216,1814,26,15000,1500,12,2025-06-25
2217,618,34,25000,0,4,2026-01-25
2218,1604,15,8000,0,4,2025-03-01
2219,175,22,65000,13000,6,2025-06-14
2220,1889,23,8000,0,3,2025-11-09
2221,239,27,15000,1500,6,2025-07-19
2222,149,35,65000,0,4,2025-06-15
2223,1478,30,120000,0,3,2025-08-28
2224,139,37,25000,0,4,2025-10-24
2225,132,31,8000,0,3,2025-12-16
2226,304,23,90000,18000,12,2025-04-22
2227,815,16,8000,0,4,2025-10-06
2228,1638,8,120000,0,3,2025-04-25
2229,1467,28,40000,0,3,2025-11-22
2230,14,5,8000,800,6,2025-04-05
2231,1004,40,90000,0,3,2025-08-12
2232,724,22,15000,3000,12,2025-02-03
2233,265,16,40000,0,3,2025-01-06
2234,1399,10,15000,0,4,2025-12-28
2235,891,37,15000,1500,12,2026-02-18
2236,1713,36,40000,8000,6,2025-03-05
2237,132,2,25000,0,4,2025-07-11
2238,595,22,8000,1600,12,2025-01-03
2239,13,21,8000,0,4,2025-02-19
2240,1451,22,25000,0,3,2025-03-04
2241,665,33,120000,12000,12,2025-12-05
2242,1018,26,8000,0,4,2026-01-14
2243,238,22,8000,0,3,2026-01-31
2244,1443,35,15000,3000,6,2026-03-04
2245,1986,16,25000,2500,12,2025-08-16
2246,1354,24,25000,0,4,2025-12-26
2247,912,32,40000,8000,6,2025-10-16
2248,958,27,25000,0,4,2025-12-29
2249,1126,37,40000,0,3,2025-02-14
2250,1799,23,120000,0,3,2026-02-13
2251,777,34,15000,0,3,2026-02-02
2252,940,28,15000,0,4,2025-09-21
2253,800,7,40000,0,4,2025-12-18
2254,1426,26,90000,0,4,2025-02-23
2255,1503,36,15000,3000,12,2026-03-01
2256,105,37,90000,0,3,2025-07-22
2257,948,17,25000,0,4,2026-02-05
2258,1524,28,40000,4000,12,2025-08-20
2259,1887,40,65000,6500,12,2025-06-24
2260,1688,14,65000,0,4,2025-09-02
2261,1652,30,90000,0,3,2025-08-15
2262,1315,1,90000,0,3,2025-06-11
2263,1466,33,15000,0,3,2025-03-18
2264,267,36,65000,13000,12,2025-07-29
2265,1657,8,90000,0,4,2025-12-22
2266,504,18,15000,0,3,2025-04-07
2267,1815,3,65000,0,4,2026-02-10
2268,1871,10,40000,0,3,2025-12-22
2269,1920,24,25000,0,4,2025-08-03
2270,1899,39,65000,6500,12,2025-02-25
2271,760,24,8000,0,4,2025-12-10
2272,878,1,15000,0,4,2025-07-28
2273,1757,13,15000,3000,6,2025-11-27
2274,820,37,90000,0,3,2025-12-22
2275,307,4,90000,0,3,2025-04-05
2276,885,30,8000,800,6,2025-07-25
2277,1832,11,40000,8000,6,2025-01-17
2278,1517,39,90000,0,3,2025-10-29
2279,460,2,120000,0,4,2025-01-02
2280,1812,10,65000,0,3,2025-01-29
2281,647,19,40000,0,3,2025-04-04
2282,128,26,15000,1500,12,2026-02-09
2283,1847,19,65000,0,3,2025-10-23
2284,1006,27,90000,0,4,2025-03-12
2285,741,30,25000,0,3,2026-02-23
2286,29,29,65000,13000,12,2025-09-11
2287,1050,10,8000,800,12,2025-09-25
2288,69,22,90000,18000,12,2025-02-08
2289,1839,8,65000,0,3,2025-10-26
2290,171,26,25000,0,4,2025-05-02
2291,1907,8,40000,0,3,2025-09-25
2292,983,30,15000,0,3,2025-07-07
2293,461,28,25000,0,3,2025-01-30
2294,1328,19,90000,0,3,2025-08-20
2295,105,31,8000,800,12,2025-02-16
2296,747,40,15000,3000,12,2025-12-12
2297,522,11,120000,24000,6,2025-11-01
2298,716,14,25000,0,3,2025-07-27
2299,1779,29,15000,1500,6,2025-04-07
2300,704,32,65000,0,4,2026-03-05
2301,1058,33,25000,5000,12,2025-09-24
2302,429,12,65000,13000,12,2025-11-13
2303,1640,5,8000,1600,12,2025-12-21
2304,242,33,25000,5000,12,2025-05-05
2305,18,22,40000,0,3,2025-11-12
2306,1471,40,65000,0,3,2026-02-10
2307,916,20,25000,5000,12,2025-12-16
2308,166,17,40000,0,3,2025-12-16
2309,1657,18,65000,0,3,2025-06-22
2310,1208,35,120000,24000,6,2025-08-17
2311,1980,5,120000,0,4,2025-08-20
2312,1972,39,8000,0,4,2025-08-01
2313,1057,39,40000,0,3,2025-05-09
2314,865,23,25000,2500,6,2026-02-08
2315,1778,4,15000,0,3,2025-12-28
2316,1062,2,65000,0,4,2025-06-21
2317,921,20,90000,0,3,2025-03-09
2318,1100,27,15000,1500,6,2025-12-12
2319,1638,7,120000,0,3,2025-04-07
2320,1142,32,65000,0,3,2025-09-09
2321,711,40,25000,0,4,2025-02-09
2322,1452,19,40000,0,4,2025-07-01
2323,887,38,90000,18000,12,2025-03-29
2324,187,11,65000,13000,12,2026-02-22
2325,260,29,40000,0,4,2025-09-25
2326,382,31,90000,0,4,2025-10-05
2327,920,36,8000,1600,12,2025-03-18
2328,396,9,25000,2500,6,2025-05-05
2329,1446,38,25000,5000,12,2025-04-20
2330,679,22,120000,0,3,2025-01-22
2331,601,7,90000,0,3,2025-08-23
2332,819,30,40000,0,4,2025-10-26
2333,1529,28,25000,5000,12,2025-06-02
2334,490,40,90000,9000,6,2025-01-06
2335,1303,36,40000,0,3,2025-09-07
2336,462,16,90000,0,3,2025-03-07
2337,1776,25,65000,6500,6,2026-01-05
2338,79,35,120000,0,3,2025-10-08
2339,1716,13,40000,0,4,2025-04-16
2340,146,21,15000,3000,12,2025-09-09
2341,664,16,8000,0,4,2025-07-08
2342,1793,19,25000,5000,12,2025-02-28
2343,1790,5,25000,0,3,2025-11-29
2344,1456,19,25000,5000,6,2026-03-03
2345,949,13,40000,8000,12,2025-11-19
2346,1194,13,8000,0,3,2025-05-27
2347,1180,17,120000,0,3,2025-11-26
2348,725,31,90000,0,3,2026-03-02
2349,182,9,40000,8000,12,2026-02-23
2350,1956,8,8000,800,12,2025-01-05
2351,381,32,40000,0,3,2025-10-07
2352,1269,6,8000,0,3,2025-03-19
2353,1213,20,8000,0,4,2025-01-21
2354,1658,24,40000,0,4,2025-12-13
2355,394,21,90000,0,3,2025-02-05
2356,1002,4,15000,3000,6,2025-03-19
2357,596,3,8000,1600,12,2025-11-13
2358,881,2,25000,5000,12,2026-02-14
2359,711,10,120000,24000,6,2025-01-30
2360,1711,13,40000,0,3,2025-03-02
2361,1955,13,120000,12000,6,2025-06-11
2362,1217,39,8000,0,4,2025-01-12
2363,1414,30,15000,0,3,2026-01-28
2364,1188,32,120000,0,3,2025-01-05
2365,512,12,40000,0,3,2025-10-14
2366,585,35,65000,13000,6,2025-06-22
2367,292,34,65000,6500,6,2026-03-07
2368,648,8,25000,0,4,2026-01-16
2369,1594,16,65000,0,3,2025-06-09
2370,298,16,65000,0,3,2025-07-22
2371,1063,20,25000,5000,6,2025-07-30
2372,267,3,40000,0,3,2025-04-29
2373,985,26,15000,3000,12,2025-06-26
2374,209,20,40000,0,3,2025-10-03
2375,819,2,8000,800,12,2025-02-08
2376,547,2,40000,0,3,2025-09-13
2377,1382,27,120000,24000,12,2025-06-23
2378,1858,18,40000,8000,12,2025-09-25
2379,530,2,65000,0,3,2026-02-09
2380,143,13,65000,0,3,2025-01-17
2381,1151,18,120000,24000,12,2025-05-21
2382,584,40,25000,0,4,2025-11-01
2383,1731,28,8000,1600,6,2026-03-04
2384,1328,29,90000,0,3,2025-08-01
2385,1199,12,120000,0,4,2025-12-23
2386,1863,33,15000,3000,6,2026-02-26
2387,257,40,40000,4000,12,2025-01-07
2388,642,23,90000,0,3,2025-11-17
2389,1461,23,90000,18000,12,2025-03-28
2390,1061,36,8000,0,4,2026-02-28
2391,999,37,90000,0,3,2025-02-07
2392,522,25,40000,0,4,2025-06-03
2393,1639,20,65000,13000,6,2026-01-24
2394,1146,32,90000,18000,6,2025-09-12
2395,322,6,25000,0,3,2025-03-30
2396,1259,27,40000,4000,12,2025-07-27
2397,1997,7,120000,12000,12,2025-07-26
2398,337,3,90000,9000,6,2026-01-01
2399,1108,29,90000,0,4,2025-09-09
2400,1379,18,120000,0,4,2025-09-01
2401,1387,18,40000,8000,6,2025-08-07
2402,630,22,8000,0,3,2026-02-17
2403,120,14,15000,1500,6,2025-08-12
2404,1253,3,15000,0,3,2025-04-25
2405,687,6,40000,0,3,2026-01-11
2406,754,8,40000,8000,6,2025-05-20
2407,398,9,90000,9000,6,2025-07-24
2408,1584,34,40000,0,3,2025-12-23
2409,691,38,15000,0,3,2025-12-12
2410,15,35,40000,0,3,2026-01-03
2411,1522,29,8000,0,3,2025-05-09
2412,1093,18,90000,9000,12,2025-11-20
2413,1542,8,8000,1600,12,2025-08-14
2414,950,40,40000,4000,12,2025-07-08
2415,1302,37,15000,1500,12,2026-01-07
2416,1975,23,25000,5000,12,2025-09-19
2417,610,32,90000,9000,6,2025-07-26
2418,1824,1,65000,0,3,2026-01-06
2419,346,10,120000,24000,6,2025-03-17
2420,1878,39,25000,5000,12,2025-11-06
2421,1052,32,8000,800,6,2025-04-12
2422,1399,11,40000,4000,6,2025-04-15
2423,1156,14,65000,13000,6,2025-05-26
2424,620,36,65000,0,3,2025-01-18
2425,847,20,120000,0,3,2025-04-17
2426,1291,18,25000,5000,12,2025-09-21
2427,858,28,90000,0,4,2025-05-07
2428,1574,36,15000,3000,12,2025-12-19
2429,907,35,65000,0,3,2025-02-14
2430,912,18,65000,6500,12,2025-02-16
2431,575,26,8000,1600,12,2025-05-03
2432,797,3,8000,0,4,2026-02-24
2433,860,40,25000,0,4,2025-04-18
2434,904,18,40000,8000,6,2025-04-19
2435,91,16,120000,0,4,2025-03-01
2436,1308,37,65000,0,3,2025-12-30
2437,441,14,25000,2500,12,2025-03-04
2438,217,2,120000,12000,12,2025-04-09
2439,1376,38,65000,0,3,2025-03-03
2440,990,1,40000,4000,6,2025-09-14
2441,1230,28,90000,0,3,2025-09-09
2442,1181,23,15000,0,4,2026-01-26
2443,979,5,8000,0,3,2025-12-07
2444,790,10,65000,0,4,2025-09-25
2445,1854,27,8000,0,3,2025-02-24
2446,1932,5,40000,8000,12,2025-01-31
2447,401,4,65000,6500,12,2025-12-14
2448,1672,22,120000,0,4,2025-02-28
2449,1981,19,120000,12000,6,2025-10-20
2450,1063,8,120000,12000,6,2025-04-22
2451,1417,40,8000,800,12,2026-03-06
2452,540,18,40000,8000,12,2025-05-20
2453,1402,40,65000,6500,12,2025-08-10
2454,1859,28,25000,5000,6,2025-11-14
2455,400,3,120000,0,4,2025-11-04
2456,1193,1,25000,5000,6,2025-08-29
2457,1575,35,40000,4000,6,2026-01-24
2458,1333,3,65000,13000,6,2025-10-08
2459,1837,24,15000,0,3,2025-01-23
2460,661,10,90000,0,3,2025-02-14
2461,2,34,120000,12000,6,2025-06-24
2462,696,10,120000,0,3,2025-07-05
2463,1473,8,8000,0,3,2026-01-28
2464,591,10,65000,6500,12,2025-06-18
2465,1049,15,120000,24000,12,2025-01-16
2466,1029,7,15000,1500,6,2025-02-17
2467,1661,14,40000,8000,12,2025-06-26
2468,645,20,90000,0,3,2026-02-26
2469,139,30,25000,0,3,2025-04-14
2470,689,24,15000,0,4,2025-01-24
2471,892,25,40000,8000,6,2025-05-15
2472,114,31,90000,0,3,2025-02-10
2473,211,24,25000,2500,12,2025-10-12
2474,8,8,25000,0,3,2026-02-09
2475,1908,20,65000,13000,12,2025-03-14
2476,1609,38,15000,0,4,2026-02-24
2477,1529,14,8000,0,3,2025-02-17
2478,747,35,65000,13000,12,2025-06-04
2479,1055,9,40000,4000,6,2025-04-22
2480,1784,39,15000,0,3,2025-03-27
2481,1405,8,40000,0,3,2025-05-29
2482,524,1,40000,8000,6,2025-06-08
2483,1971,9,8000,1600,6,2025-01-07
2484,985,36,40000,4000,12,2025-09-15
2485,1357,3,65000,6500,6,2025-11-26
2486,517,17,15000,0,3,2025-02-18
2487,1762,28,65000,0,4,2025-02-27
2488,958,36,120000,12000,6,2025-01-15
2489,171,27,65000,0,3,2025-11-17
2490,151,40,25000,0,3,2025-10-21
2491,1863,26,120000,12000,6,2026-01-26
2492,750,37,40000,8000,6,2025-09-24
2493,1198,23,65000,0,3,2025-05-12
2494,394,13,120000,12000,6,2025-08-10
2495,168,15,8000,0,3,2025-01-17
2496,1535,13,25000,0,3,2025-06-07
2497,1199,39,8000,0,4,2026-01-24
2498,639,39,40000,4000,12,2026-02-27
2499,946,15,40000,8000,12,2025-07-15
2500,746,33,15000,0,3,2025-12-12
2501,1362,24,65000,6500,6,2025-07-05
2502,632,40,8000,0,4,2025-03-02
2503,833,33,40000,8000,12,2025-10-28
2504,1699,14,120000,24000,12,2026-03-01
2505,308,32,15000,1500,6,2025-01-27
2506,1268,17,40000,8000,6,2025-09-23
2507,1769,21,120000,24000,6,2025-05-21
2508,1146,18,15000,1500,12,2025-09-11
2509,1583,31,120000,0,3,2025-10-11
2510,1895,26,90000,18000,12,2025-04-12
2511,179,23,8000,0,4,2025-04-18
2512,835,24,8000,0,3,2025-02-22
2513,576,28,25000,5000,6,2025-04-14
2514,542,8,15000,3000,12,2025-09-06
2515,1397,39,40000,4000,12,2025-01-23
2516,1822,21,25000,0,3,2025-05-15
2517,1752,22,65000,0,3,2025-09-28
2518,1488,26,120000,12000,6,2025-04-06
2519,1929,11,90000,9000,12,2025-02-13
2520,1863,16,8000,0,3,2025-12-11
2521,1003,38,65000,0,3,2025-12-22
2522,84,32,8000,1600,6,2025-03-02
2523,467,17,120000,0,3,2025-04-11
2524,1352,19,120000,0,4,2025-08-10
2525,1259,1,15000,1500,12,2025-09-03
2526,1521,38,8000,1600,12,2025-05-17
2527,424,3,25000,0,3,2026-01-16
2528,1865,16,8000,800,12,2025-04-23
2529,1894,11,40000,0,3,2025-12-16
2530,46,19,25000,0,3,2025-10-13
2531,1655,4,90000,9000,6,2026-01-24
2532,1875,34,25000,2500,6,2025-09-29
2533,485,34,90000,0,4,2025-11-23
2534,1567,33,120000,0,3,2025-03-16
2535,1034,22,25000,0,3,2025-10-28
2536,690,22,40000,4000,12,2025-12-18
2537,212,22,65000,13000,6,2026-01-15
2538,85,16,90000,0,4,2025-07-28
2539,1232,14,120000,0,4,2025-06-27
2540,1590,22,15000,3000,6,2025-12-06
2541,259,14,25000,0,3,2025-07-09
2542,35,32,65000,6500,6,2025-09-05
2543,894,28,90000,0,3,2025-05-16
2544,746,38,15000,0,4,2025-03-02
2545,770,20,25000,2500,12,2025-08-17
2546,566,7,90000,0,3,2025-02-27
2547,1139,16,25000,0,4,2025-05-25
2548,1963,8,120000,0,3,2025-08-11
2549,850,33,90000,18000,6,2026-02-11
2550,412,6,8000,0,4,2026-01-03
2551,1282,38,15000,0,3,2026-01-28
2552,1595,40,40000,0,3,2025-10-12
2553,1324,2,65000,13000,12,2025-01-19
2554,68,40,25000,0,3,2025-07-27
2555,379,1,40000,4000,12,2025-05-05
2556,1804,9,15000,0,4,2025-07-26
2557,599,31,15000,3000,6,2025-05-31
2558,1570,11,65000,0,3,2025-11-28
2559,1062,6,65000,0,4,2025-08-15
2560,638,25,65000,0,3,2025-11-09
2561,1625,37,120000,12000,12,2025-07-16
2562,1735,36,90000,9000,6,2025-03-20
2563,1720,9,90000,9000,12,2025-03-04
2564,110,25,40000,8000,12,2025-04-28
2565,1384,29,40000,0,4,2025-10-27
2566,138,9,25000,0,4,2025-01-28
2567,1983,27,25000,0,3,2025-11-05
2568,523,28,40000,0,3,2025-07-08
2569,310,6,8000,0,4,2025-01-22
2570,282,4,8000,0,4,2026-01-02
2571,1285,7,25000,5000,6,2026-02-16
2572,1454,37,15000,0,3,2025-04-07
2573,1750,32,15000,0,3,2025-12-30
2574,4,26,15000,1500,12,2025-04-17
2575,1441,12,40000,0,3,2025-03-09
2576,649,33,25000,0,3,2026-02-15
2577,253,15,40000,8000,6,2025-11-18
2578,1686,30,120000,0,3,2025-06-23
2579,909,19,8000,800,12,2025-05-06
2580,696,33,40000,0,4,2025-02-14
2581,1382,16,15000,0,3,2025-08-22
2582,231,1,90000,0,4,2025-08-21
2583,1990,12,8000,0,3,2025-08-25
2584,748,13,15000,0,3,2026-02-19
2585,559,34,120000,0,4,2025-11-19
2586,1836,29,120000,0,3,2025-08-31
2587,66,10,65000,0,3,2025-12-28
2588,1287,22,65000,0,4,2026-01-19
2589,662,20,120000,0,3,2025-02-05
2590,390,19,65000,0,3,2025-01-26
2591,14,21,15000,0,3,2025-08-02
2592,6,37,90000,0,3,2025-08-27
2593,924,29,25000,0,3,2026-01-30
2594,1678,12,8000,0,3,2025-08-14
2595,190,29,120000,24000,12,2025-11-18
2596,1011,16,65000,0,3,2025-07-01
2597,1477,24,90000,0,4,2025-01-30
2598,1000,38,90000,0,3,2026-01-03
2599,1481,20,65000,13000,12,2025-01-15
2600,1337,12,25000,2500,6,2025-11-28
2601,1515,8,65000,6500,6,2025-03-04
2602,101,13,40000,0,3,2025-12-01
2603,1903,34,8000,0,4,2025-09-28
2604,275,25,90000,18000,12,2025-05-23
2605,1215,11,25000,2500,6,2025-11-01
2606,1633,19,120000,24000,12,2026-01-09
2607,1801,34,40000,8000,6,2025-02-24
2608,1044,29,90000,18000,6,2025-09-08
2609,443,35,65000,0,4,2025-12-02
2610,1726,6,15000,0,3,2025-06-29
2611,305,25,90000,9000,12,2025-08-07
2612,82,21,65000,6500,6,2026-01-27
2613,110,9,15000,1500,6,2025-06-19
2614,826,38,65000,0,3,2025-04-06
2615,1169,11,40000,0,3,2025-03-04
2616,688,1,90000,18000,6,2025-08-14
2617,1600,37,90000,18000,6,2025-09-04
2618,141,22,15000,1500,12,2025-06-29
2619,404,13,15000,3000,12,2025-08-02
2620,1610,5,8000,0,3,2026-02-15
2621,715,18,65000,0,3,2025-05-14
2622,1035,35,120000,12000,12,2025-02-24
2623,1752,13,25000,2500,6,2025-02-15
2624,788,12,90000,0,3,2026-03-07
2625,1868,12,15000,0,3,2025-08-02
2626,296,16,40000,4000,12,2026-02-11
2627,566,25,25000,0,3,2025-12-08
2628,1477,4,90000,0,3,2025-08-30
2629,222,26,65000,0,4,2025-08-15
2630,1870,11,15000,0,3,2026-01-14
2631,1855,39,8000,800,6,2025-07-24
2632,891,26,90000,0,3,2025-04-22
2633,674,28,120000,0,3,2025-11-02
2634,1366,24,65000,0,3,2025-11-28
2635,1214,12,90000,0,4,2025-04-01
2636,1032,8,65000,13000,12,2025-10-20
2637,316,1,40000,0,4,2025-03-28
2638,106,40,8000,0,3,2025-06-04
2639,826,24,65000,13000,12,2025-11-13
2640,1871,27,25000,2500,12,2025-12-09
2641,127,34,8000,0,3,2025-02-18
2642,1818,16,40000,4000,12,2025-07-03
2643,506,17,15000,0,4,2025-01-06
2644,637,9,40000,0,3,2025-08-31
2645,107,35,40000,8000,6,2025-12-29
2646,1626,19,25000,0,3,2025-11-29
2647,1808,24,15000,0,3,2026-03-03
2648,706,18,120000,12000,6,2025-05-26
2649,1190,36,120000,12000,6,2025-09-06
2650,1592,30,15000,0,3,2025-11-28
2651,370,15,8000,0,4,2026-01-13
2652,1681,6,15000,0,3,2025-10-24
2653,1449,30,15000,0,4,2025-06-13
2654,13,36,40000,0,4,2025-09-11
2655,1034,27,25000,5000,6,2026-02-05
2656,150,40,25000,5000,12,2026-02-20
2657,690,7,25000,5000,12,2025-03-25
2658,633,22,65000,13000,6,2025-01-14
2659,1018,10,40000,0,3,2025-02-03
2660,1779,3,40000,8000,12,2025-12-26
2661,724,20,120000,12000,12,2025-02-02
2662,489,7,25000,2500,12,2025-02-14
2663,1121,24,90000,18000,6,2025-05-05
2664,49,35,90000,0,4,2025-02-08
2665,1314,13,40000,8000,12,2025-10-09
2666,437,14,25000,5000,6,2025-11-26
2667,603,26,120000,0,3,2025-01-24
2668,684,30,25000,0,4,2025-05-01
2669,1391,15,90000,0,3,2025-12-17
2670,1002,25,90000,0,3,2025-03-08
2671,1880,24,40000,8000,6,2025-09-09
2672,1092,37,65000,0,3,2025-11-07
2673,80,18,65000,6500,6,2025-05-23
2674,575,8,90000,0,3,2026-03-01
2675,508,7,25000,0,3,2026-02-03
2676,1572,35,15000,1500,12,2025-11-14
2677,918,6,15000,1500,12,2026-01-28
2678,288,4,40000,0,3,2025-08-04
2679,381,4,65000,0,4,2025-08-23
2680,547,19,15000,0,4,2026-01-22
2681,1320,9,90000,9000,12,2025-08-28
2682,605,26,120000,0,3,2025-03-05
2683,1131,28,8000,0,4,2025-02-18
2684,1577,19,40000,0,3,2025-03-18
2685,169,8,65000,13000,6,2025-10-16
2686,1420,19,25000,2500,6,2025-03-22
2687,1347,17,40000,8000,6,2026-03-07
2688,1645,30,15000,1500,12,2026-02-13
2689,1752,34,8000,0,4,2025-08-28
2690,279,16,25000,0,3,2026-01-29
2691,341,30,8000,800,12,2025-07-10
2692,59,22,120000,24000,6,2025-07-15
2693,529,7,120000,0,4,2025-02-07
2694,508,26,8000,800,6,2025-07-14
2695,543,11,90000,0,4,2025-02-08
2696,1372,9,15000,3000,12,2026-02-22
2697,554,10,25000,5000,12,2025-12-17
2698,1475,40,15000,1500,6,2025-10-02
2699,1137,24,15000,0,4,2025-03-10
2700,689,2,15000,1500,12,2025-11-27
2701,1868,9,120000,0,4,2025-05-13
2702,1595,18,25000,0,4,2025-09-05
2703,100,28,25000,0,3,2025-08-07
2704,1652,24,90000,18000,6,2025-03-06
2705,287,8,65000,0,3,2025-01-11
2706,1236,28,25000,0,3,2026-02-19
2707,960,2,90000,0,4,2025-11-20
2708,1448,31,120000,0,3,2025-12-09
2709,121,15,15000,0,4,2025-04-22
2710,319,16,40000,8000,12,2025-03-21
2711,1010,19,15000,0,3,2026-01-07
2712,1741,10,15000,0,3,2025-09-28
2713,808,9,65000,0,3,2025-04-20
2714,1570,18,25000,0,3,2026-02-22
2715,166,11,25000,0,3,2025-12-06
2716,1921,9,25000,0,3,2025-01-09
2717,1391,22,120000,0,4,2025-09-02
2718,374,14,40000,0,4,2025-09-09
2719,1498,9,90000,9000,6,2026-02-24
2720,283,25,8000,0,3,2025-03-03
2721,1954,34,90000,0,4,2025-11-18
2722,976,16,25000,0,4,2025-02-04
2723,1363,37,15000,0,3,2025-08-21
2724,1741,15,15000,3000,6,2026-03-07
2725,106,11,25000,5000,12,2026-01-15
2726,967,10,65000,0,3,2025-01-01
2727,712,12,8000,1600,12,2026-01-21
2728,1661,40,120000,0,4,2025-02-08
2729,405,11,40000,4000,12,2025-07-04
2730,1011,23,8000,1600,6,2025-01-13
2731,622,22,120000,0,3,2025-10-22
2732,1387,26,65000,0,4,2025-07-31
2733,1572,9,8000,0,4,2025-10-04
2734,998,25,15000,0,3,2025-07-25
2735,872,25,25000,0,3,2025-10-21
2736,1092,21,65000,0,4,2025-10-16
2737,1313,10,120000,24000,6,2025-11-27
2738,149,11,40000,4000,6,2025-04-21
2739,554,29,15000,1500,6,2025-05-13
2740,885,38,120000,12000,12,2025-07-21
2741,1747,16,8000,0,3,2025-04-05
2742,753,15,25000,2500,12,2025-10-22
2743,835,39,120000,12000,12,2025-09-09
2744,1774,29,90000,18000,12,2025-11-12
2745,1613,16,8000,0,4,2025-07-13
2746,1495,32,65000,0,3,2026-01-11
2747,1353,25,40000,0,3,2025-10-14
2748,1639,20,25000,5000,6,2025-02-10
2749,1558,35,15000,0,4,2025-09-26
2750,1808,15,65000,0,4,2025-09-08
2751,1406,37,15000,0,4,2025-08-03
2752,252,21,120000,12000,12,2025-10-23
2753,860,30,25000,0,4,2025-09-19
2754,800,1,90000,18000,6,2025-02-26
2755,1886,29,40000,8000,6,2025-07-09
2756,1152,23,40000,4000,6,2025-05-09
2757,128,19,8000,1600,6,2025-04-05
2758,291,11,90000,0,4,2025-06-03
2759,1605,15,120000,24000,12,2025-11-01
2760,504,11,15000,1500,12,2025-08-10
2761,1370,2,8000,1600,12,2025-02-25
2762,395,27,8000,0,4,2025-06-25
2763,1332,33,8000,800,6,2025-06-12
2764,1346,14,40000,0,3,2025-11-13
2765,670,25,40000,4000,12,2025-02-04
2766,282,28,90000,18000,12,2026-02-15
2767,186,1,40000,4000,12,2025-08-11
2768,1305,5,120000,0,4,2025-03-05
2769,855,12,25000,0,4,2026-02-28
2770,1233,14,15000,0,3,2025-07-28
2771,785,9,15000,0,3,2025-05-28
2772,642,39,8000,1600,6,2025-05-01
2773,389,23,65000,0,4,2025-05-25
2774,1751,38,65000,0,3,2025-04-05
2775,620,13,25000,0,3,2025-05-16
2776,1388,22,15000,0,3,2025-10-13
2777,1003,28,90000,0,3,2025-09-01
2778,909,23,40000,0,3,2025-02-03
2779,591,30,65000,0,3,2025-06-08
2780,1826,16,8000,0,4,2025-08-08
2781,1970,5,8000,0,3,2025-12-29
2782,1304,16,120000,0,3,2026-03-02
2783,1033,12,120000,24000,12,2025-11-13
2784,304,29,8000,800,12,2025-08-19
2785,1225,6,8000,1600,6,2025-04-01
2786,1205,6,15000,3000,12,2026-02-26
2787,654,11,40000,4000,6,2025-03-26
2788,1107,24,15000,0,3,2025-11-05
2789,1299,9,90000,9000,6,2025-01-31
2790,982,11,65000,6500,6,2025-07-09
2791,452,12,40000,0,3,2026-02-16
2792,685,19,25000,0,3,2025-09-28
2793,643,5,25000,2500,6,2025-08-27
2794,1871,38,120000,24000,12,2025-12-27
2795,1509,18,15000,3000,12,2025-03-20
2796,1719,13,90000,0,4,2025-10-28
2797,144,19,8000,0,4,2025-07-31
2798,1117,5,65000,6500,6,2025-04-05
2799,741,10,120000,0,3,2025-11-14
2800,68,6,90000,0,4,2025-11-07
2801,406,39,40000,8000,6,2025-01-14
2802,1948,29,8000,0,3,2025-11-16
2803,1409,36,40000,8000,6,2025-08-09
2804,687,38,8000,1600,12,2026-01-09
2805,432,10,120000,0,3,2025-10-17
2806,970,4,25000,2500,6,2025-11-20
2807,815,7,25000,5000,6,2025-11-23
2808,1552,34,65000,13000,12,2025-03-28
2809,1367,20,8000,0,3,2026-02-14
2810,249,26,15000,1500,12,2025-10-06
2811,1294,40,120000,0,3,2025-11-05
2812,158,25,120000,0,3,2025-03-23
2813,493,38,90000,0,3,2025-01-04
2814,1391,5,120000,12000,6,2026-02-21
2815,251,36,15000,0,3,2025-01-24
2816,375,40,120000,0,3,2025-01-18
2817,1302,21,120000,24000,6,2025-12-06
2818,1727,14,120000,0,4,2025-07-12
2819,233,24,15000,3000,12,2025-05-12
2820,1856,3,15000,1500,12,2025-09-05
2821,52,24,90000,0,3,2025-07-14
2822,285,23,8000,800,12,2025-12-24
2823,203,28,15000,0,3,2025-02-15
2824,343,25,90000,0,3,2025-09-28
2825,232,28,40000,4000,12,2025-07-25
2826,1597,2,40000,0,3,2025-08-10
2827,428,2,90000,0,4,2025-09-05
2828,1597,5,65000,0,4,2025-11-08
2829,1122,19,25000,0,3,2025-09-14
2830,894,29,120000,24000,6,2025-04-30
2831,1702,3,90000,0,4,2025-05-20
2832,905,11,40000,0,3,2025-02-13
2833,242,36,15000,1500,12,2025-10-08
2834,1741,25,40000,0,3,2025-01-15
2835,85,26,15000,0,4,2025-01-16
2836,944,4,8000,0,3,2026-02-15
2837,1950,13,40000,8000,12,2025-10-18
2838,1183,4,65000,6500,12,2025-05-07
2839,198,31,65000,6500,6,2025-05-18
2840,265,10,120000,0,3,2026-01-24
2841,902,30,25000,2500,6,2025-04-28
2842,1606,16,25000,5000,12,2025-09-30
2843,1832,40,25000,0,3,2025-12-25
2844,1569,25,65000,13000,12,2026-01-01
2845,269,16,120000,24000,6,2026-01-06
2846,1701,16,25000,0,3,2025-05-08
2847,842,28,120000,0,3,2025-01-29
2848,189,24,90000,0,3,2025-05-15
2849,822,11,120000,12000,6,2025-04-01
2850,546,24,25000,0,4,2025-01-17
2851,159,7,15000,0,3,2025-05-29
2852,342,6,25000,5000,6,2025-10-18
2853,1279,8,8000,0,3,2025-07-07
2854,1848,17,65000,0,3,2025-11-25
2855,662,14,25000,2500,6,2025-03-30
2856,1658,8,40000,0,4,2025-02-01
2857,100,22,15000,0,3,2025-10-19
2858,53,33,15000,0,3,2026-01-14
2859,1526,4,25000,0,3,2025-03-28
2860,234,2,40000,8000,6,2025-01-07
2861,1063,32,120000,0,3,2026-02-14
2862,1740,18,40000,0,3,2025-01-05
2863,5,9,15000,0,4,2025-02-25
2864,384,31,25000,0,3,2025-01-01
2865,1135,26,15000,0,3,2025-02-27
2866,1563,25,8000,1600,6,2025-07-10
2867,1717,18,8000,0,4,2025-05-27
2868,1445,35,15000,0,3,2025-09-08
2869,1516,39,65000,0,4,2025-03-28
2870,1834,32,40000,0,3,2025-12-24
2871,1178,31,25000,5000,6,2025-06-24
2872,83,24,90000,0,3,2025-06-09
2873,1674,15,120000,0,4,2025-01-03
2874,1572,36,65000,0,4,2025-03-10
2875,1386,30,25000,0,4,2025-04-19
2876,179,4,120000,0,3,2025-02-11
2877,1874,7,120000,0,4,2025-06-09
2878,1611,39,65000,0,4,2025-02-01
2879,1313,16,15000,0,4,2025-06-22
2880,1585,21,40000,0,4,2026-01-06
2881,677,5,90000,0,3,2026-01-08
2882,169,32,120000,12000,12,2025-08-23
2883,292,4,90000,9000,12,2025-05-11
2884,963,21,40000,8000,12,2025-03-15
2885,45,18,90000,9000,6,2025-03-08
2886,387,29,40000,8000,12,2025-11-03
2887,503,13,8000,800,6,2025-09-04
2888,512,27,90000,0,4,2025-09-28
2889,179,15,65000,0,3,2025-11-19
2890,1905,27,65000,0,3,2025-01-17
2891,1748,27,40000,4000,6,2026-02-05
2892,427,17,25000,2500,12,2025-06-02
2893,1685,4,15000,0,3,2025-07-10
2894,422,24,90000,0,3,2025-04-07
2895,952,2,90000,0,3,2025-06-22
2896,790,29,120000,12000,6,2025-03-12
2897,1910,27,15000,0,3,2025-08-12
2898,511,4,90000,18000,12,2025-08-21
2899,1039,40,120000,0,4,2026-01-15
2900,1087,36,15000,3000,12,2025-10-07
2901,612,28,120000,24000,6,2026-03-05
2902,1984,24,25000,0,3,2025-01-16
2903,524,32,25000,0,4,2025-10-03
2904,1830,20,8000,0,3,2026-01-27
2905,1851,3,15000,0,4,2025-09-08
2906,1698,32,40000,0,3,2025-08-25
2907,454,20,40000,0,3,2025-02-24
2908,1727,12,25000,5000,6,2025-05-18
2909,1886,6,65000,0,4,2025-12-18
2910,1419,21,25000,2500,6,2025-06-27
2911,862,16,65000,0,3,2025-01-23
2912,245,27,25000,0,4,2025-10-19
2913,1907,5,25000,0,4,2025-03-09
2914,1944,10,15000,0,3,2025-10-31
2915,1134,20,120000,24000,6,2025-10-13
2916,533,14,15000,1500,6,2025-06-27
2917,1928,8,15000,0,3,2025-03-10
2918,1993,7,40000,4000,6,2025-02-26
2919,1664,25,25000,0,3,2025-12-08
2920,1314,23,40000,4000,6,2025-06-28
2921,1802,1,120000,0,4,2025-01-01
2922,1541,9,8000,0,3,2025-04-15
2923,1533,21,40000,0,3,2025-12-22
2924,27,16,8000,800,12,2025-02-11
2925,956,32,120000,0,3,2025-09-15
2926,804,40,40000,4000,6,2025-08-06
2927,689,1,65000,0,4,2025-10-25
2928,1005,24,120000,0,3,2025-01-16
2929,1515,22,90000,0,4,2025-03-21
2930,98,16,8000,1600,12,2026-03-02
2931,1740,40,15000,0,4,2025-06-18
2932,1863,1,65000,0,3,2025-09-17
2933,1018,27,65000,13000,6,2025-05-22
2934,282,33,40000,0,4,2025-08-14
2935,1345,18,65000,0,4,2026-03-06
2936,389,17,120000,0,4,2025-10-25
2937,1882,35,8000,0,3,2025-07-22
2938,1449,38,120000,0,3,2025-01-09
2939,291,14,40000,4000,12,2026-01-17
2940,851,25,15000,1500,6,2025-02-14
2941,1849,15,15000,0,3,2025-12-09
2942,812,31,8000,1600,12,2025-03-22
2943,943,7,40000,0,3,2025-08-04
2944,1005,19,120000,0,4,2025-12-04
2945,801,29,25000,0,4,2025-01-18
2946,1210,22,65000,0,3,2026-01-07
2947,1547,23,90000,0,3,2026-01-03
2948,194,9,25000,0,3,2025-03-24
2949,1015,33,25000,0,4,2025-03-07
2950,1597,19,120000,0,3,2025-01-08
2951,1877,38,8000,0,3,2025-01-21
2952,528,26,65000,0,4,2025-09-23
2953,1680,37,120000,12000,6,2025-05-05
2954,1073,15,40000,4000,6,2025-10-22
2955,735,5,120000,0,3,2025-12-02
2956,1184,19,120000,0,3,2025-06-03
2957,1493,15,65000,6500,6,2025-06-10
2958,1724,34,8000,800,6,2025-08-09
2959,1094,30,65000,6500,6,2025-10-16
2960,1298,40,90000,9000,12,2025-03-24
2961,241,15,8000,1600,12,2025-10-14
2962,1215,9,40000,0,3,2025-08-20
2963,655,29,15000,3000,12,2025-01-31
2964,546,39,120000,0,3,2025-11-01
2965,388,26,120000,12000,6,2025-06-24
2966,1568,12,15000,3000,6,2025-06-11
2967,1449,8,120000,12000,12,2025-12-02
2968,153,21,15000,3000,12,2026-02-08
2969,1988,39,90000,9000,6,2025-01-31
2970,1556,32,8000,0,3,2025-12-26
2971,772,13,25000,0,4,2025-11-17
2972,572,21,25000,0,3,2025-11-16
2973,825,13,90000,9000,6,2025-06-22
2974,1363,34,40000,0,3,2025-02-15
2975,986,27,40000,0,4,2025-10-24
2976,1335,18,90000,18000,12,2025-04-18
2977,1776,26,65000,0,3,2025-03-13
2978,700,24,25000,0,4,2025-09-14
2979,105,15,120000,0,3,2025-05-14
2980,883,31,65000,0,3,2025-03-23
2981,738,29,65000,13000,12,2025-08-17
2982,432,2,8000,800,12,2025-07-17
2983,794,3,8000,1600,12,2025-05-05
2984,1759,3,120000,0,3,2025-05-11
2985,1575,25,40000,0,3,2025-07-18
2986,149,19,25000,0,4,2026-03-05
2987,156,7,65000,0,4,2025-03-25
2988,1516,4,90000,9000,6,2025-07-15
2989,409,33,25000,5000,12,2025-08-15
2990,1738,10,40000,0,3,2025-06-13
2991,314,14,90000,0,4,2025-04-01
2992,1639,5,8000,800,6,2026-03-04
2993,709,2,15000,0,3,2025-03-28
2994,480,15,65000,0,4,2025-05-10
2995,731,17,65000,0,4,2025-08-22
2996,321,1,120000,12000,12,2026-01-21
2997,1122,1,8000,1600,6,2025-03-13
2998,978,15,120000,0,3,2025-06-17
2999,489,4,65000,0,4,2025-04-29
3000,1668,10,25000,5000,12,2025-09-07
3001,317,36,65000,13000,12,2025-04-18
3002,682,4,25000,0,3,2025-09-21
3003,1713,21,65000,0,3,2025-06-21
3004,990,17,8000,800,12,2025-02-23
3005,1875,34,40000,8000,12,2025-07-02
3006,1572,19,40000,0,3,2025-07-21
3007,1113,1,8000,800,12,2025-03-17
3008,990,29,15000,3000,6,2025-01-10
3009,1072,5,15000,3000,6,2025-08-07
3010,321,40,40000,0,4,2025-09-07
3011,493,39,120000,0,4,2025-11-16
3012,1802,16,65000,13000,12,2025-04-03
3013,1559,38,8000,0,4,2025-08-26
3014,1686,25,25000,0,4,2025-11-05
3015,1598,3,40000,0,3,2025-11-09
3016,1890,4,15000,1500,6,2025-08-29
3017,1824,14,90000,0,4,2025-11-16
3018,793,21,65000,0,3,2025-10-23
3019,244,3,25000,0,3,2025-05-07
3020,789,21,8000,0,3,2025-08-19
3021,341,32,120000,12000,12,2026-03-07
3022,1307,34,40000,0,3,2025-11-16
3023,127,18,40000,0,3,2025-04-09
3024,1159,26,25000,0,4,2025-09-29
3025,523,36,65000,0,4,2026-01-20
3026,75,29,8000,0,4,2025-01-03
3027,1985,3,90000,18000,6,2025-01-27
3028,316,30,120000,0,4,2026-01-19
3029,1413,13,8000,1600,12,2025-07-11
3030,727,38,90000,0,3,2025-10-28
3031,1573,7,15000,1500,6,2025-06-15
3032,96,19,120000,0,3,2025-07-13
3033,303,31,40000,0,4,2025-09-11
3034,900,28,65000,6500,6,2025-08-18
3035,1409,19,65000,6500,12,2025-03-22
3036,1177,5,8000,800,6,2025-05-07
3037,787,30,8000,0,4,2025-08-03
3038,656,23,8000,800,6,2025-11-14
3039,1671,28,120000,0,3,2026-02-10
3040,665,15,90000,0,3,2025-05-27
3041,1417,27,90000,0,3,2025-11-18
3042,1936,33,90000,0,3,2025-04-25
3043,492,34,65000,0,3,2025-07-07
3044,608,23,120000,24000,6,2025-07-13
3045,1506,23,40000,0,3,2025-01-16
3046,74,36,65000,0,4,2025-03-22
3047,704,38,120000,0,3,2025-03-06
3048,1791,26,40000,4000,12,2025-10-15
3049,1423,24,40000,8000,12,2025-02-14
3050,405,18,15000,0,3,2025-12-19
3051,656,10,40000,0,3,2025-12-16
3052,262,17,120000,0,3,2025-03-19
3053,1082,7,8000,0,4,2025-01-02
3054,505,29,120000,24000,12,2026-02-01
3055,17,1,65000,0,3,2026-01-22
3056,1120,8,120000,12000,12,2025-06-18
3057,1300,12,65000,6500,6,2025-11-25
3058,1968,5,8000,0,3,2025-08-03
3059,296,33,40000,0,4,2026-03-01
3060,1274,33,120000,0,4,2025-08-23
3061,1,16,8000,800,12,2025-07-19
3062,1177,40,8000,0,4,2025-04-19
3063,815,18,90000,0,3,2025-05-29
3064,1575,9,120000,0,3,2025-04-08
3065,790,17,90000,18000,12,2025-05-19
3066,1812,3,15000,0,4,2025-10-23
3067,1157,35,90000,18000,6,2025-12-12
3068,365,24,65000,0,3,2025-07-15
3069,285,16,90000,0,3,2025-08-12
3070,1856,17,25000,0,3,2025-08-29
3071,330,9,40000,4000,12,2025-11-22
3072,1777,2,25000,0,4,2025-10-16
3073,1366,14,120000,0,4,2025-04-25
3074,1946,16,15000,0,3,2026-01-16
3075,1820,28,120000,12000,12,2025-08-28
3076,506,30,15000,3000,12,2025-10-10
3077,292,9,120000,0,4,2025-04-07
3078,924,12,25000,5000,6,2025-03-07
3079,383,6,90000,18000,12,2025-02-24
3080,755,33,25000,2500,12,2025-08-25
3081,835,6,25000,0,4,2025-03-18
3082,1065,37,40000,4000,12,2025-11-27
3083,1443,5,65000,0,3,2026-02-07
3084,1268,18,8000,0,3,2025-11-19
3085,1035,38,40000,0,3,2025-03-12
3086,1450,31,40000,4000,12,2025-12-14
3087,365,33,90000,0,4,2025-02-19
3088,1001,21,8000,0,4,2025-06-13
3089,1360,33,8000,0,3,2025-08-16
3090,1350,12,25000,0,3,2025-04-04
3091,1269,20,90000,0,3,2025-06-28
3092,1201,30,40000,0,3,2025-02-28
3093,422,16,15000,0,4,2025-12-01
3094,436,17,40000,8000,6,2025-12-15
3095,19,20,90000,0,3,2025-04-16
3096,1290,12,40000,4000,6,2025-01-01
3097,1706,18,40000,8000,6,2025-07-21
3098,1603,4,40000,4000,6,2025-07-08
3099,1003,14,65000,13000,6,2025-06-16
3100,1337,39,90000,0,3,2025-09-25
3101,376,25,40000,0,3,2026-01-07
3102,1763,29,40000,0,3,2025-10-21
3103,1195,21,120000,0,3,2025-10-25
3104,799,10,8000,800,6,2025-01-09
3105,1783,4,40000,8000,12,2025-01-29
3106,1190,35,120000,24000,12,2026-01-27
3107,972,6,65000,6500,12,2025-09-22
3108,435,9,120000,0,3,2025-04-22
3109,132,16,8000,0,3,2025-08-04
3110,1420,9,40000,0,3,2025-09-13
3111,130,38,90000,0,4,2025-12-25
3112,1143,39,25000,0,4,2025-12-08
3113,1140,32,65000,0,4,2025-12-20
3114,1246,15,15000,1500,12,2026-01-29
3115,1645,39,15000,0,4,2026-01-07
3116,1742,32,90000,0,4,2025-09-27
3117,1837,34,90000,0,3,2025-08-21
3118,1078,35,90000,0,3,2026-01-07
3119,1112,8,8000,0,4,2026-01-20
3120,997,39,90000,18000,12,2025-10-15
3121,796,22,120000,24000,6,2025-04-10
3122,407,31,65000,6500,6,2026-01-16
3123,448,32,8000,0,3,2025-06-26
3124,1974,11,8000,0,4,2025-06-10
3125,1279,31,40000,0,3,2026-01-20
3126,924,16,25000,5000,12,2025-05-19
3127,1323,34,15000,3000,12,2025-07-06
3128,1730,37,40000,0,3,2025-02-03
3129,486,29,40000,8000,6,2025-09-02
3130,1609,40,40000,0,3,2025-07-09
3131,260,12,65000,6500,12,2025-09-10
3132,1128,24,40000,0,4,2025-04-28
3133,838,9,15000,0,4,2025-06-05
3134,1921,4,15000,0,3,2025-11-09
3135,1796,24,25000,0,3,2025-04-14
3136,1032,12,40000,0,3,2025-10-20
3137,1565,21,40000,8000,12,2025-09-26
3138,1777,28,90000,9000,12,2025-10-25
3139,909,9,25000,0,3,2025-05-23
3140,1456,12,40000,4000,12,2025-01-09
3141,1512,23,25000,0,3,2025-11-15
3142,1197,36,25000,0,3,2025-08-15
3143,1134,6,90000,0,4,2026-02-15
3144,1567,13,25000,0,4,2025-09-11
3145,896,34,65000,6500,6,2025-06-23
3146,838,39,15000,0,3,2026-02-13
3147,795,36,8000,0,4,2025-10-01
3148,922,37,25000,0,3,2025-09-24
3149,636,6,65000,0,3,2026-01-07
3150,1160,3,120000,12000,6,2025-01-02
3151,868,29,120000,12000,12,2025-08-06
3152,596,7,15000,0,4,2026-02-06
3153,81,12,8000,0,4,2025-07-01
3154,433,22,40000,0,3,2025-09-28
3155,1079,2,15000,0,3,2025-11-19
3156,1617,30,25000,0,3,2025-02-13
3157,1072,8,40000,0,3,2025-07-27
3158,183,15,25000,5000,6,2025-11-22
3159,688,36,120000,0,4,2025-01-22
3160,1899,25,120000,12000,12,2025-07-27
3161,624,24,15000,0,3,2025-09-07
3162,483,23,90000,0,3,2025-09-26
3163,823,16,90000,18000,12,2025-11-28
3164,1016,11,120000,24000,12,2025-12-26
3165,432,5,65000,13000,12,2025-10-17
3166,1392,12,65000,0,3,2025-07-14
3167,535,27,25000,0,4,2025-07-15
3168,449,27,15000,0,4,2025-02-27
3169,1901,32,120000,24000,12,2026-02-07
3170,246,30,8000,1600,12,2025-10-12
3171,543,17,120000,0,3,2025-07-15
3172,758,12,25000,0,3,2025-05-16
3173,1492,24,120000,24000,6,2025-11-03
3174,43,39,40000,0,3,2026-03-01
3175,1508,11,40000,0,4,2025-11-01
3176,1352,8,120000,24000,6,2025-12-27
3177,579,10,25000,0,3,2025-04-08
3178,1674,28,15000,0,3,2025-10-13
3179,706,5,120000,0,4,2025-03-04
3180,14,24,15000,3000,6,2026-01-31
3181,802,13,8000,0,3,2025-08-30
3182,1502,16,65000,0,3,2025-09-08
3183,1799,27,15000,0,3,2025-05-07
3184,1867,33,40000,8000,12,2025-05-30
3185,1305,32,40000,0,4,2025-08-02
3186,829,28,25000,0,3,2025-12-18
3187,1848,14,8000,800,6,2025-04-08
3188,388,13,15000,1500,12,2025-01-22
3189,725,18,8000,0,3,2025-04-10
3190,533,6,40000,0,3,2025-07-04
3191,1025,27,40000,0,3,2026-02-01
3192,1947,10,25000,2500,6,2025-01-31
3193,1780,28,8000,800,12,2025-06-22
3194,1891,2,120000,24000,12,2025-09-03
3195,1563,26,65000,0,3,2025-08-03
3196,965,13,40000,0,3,2025-01-22
3197,400,40,65000,0,3,2025-04-12
3198,815,3,90000,9000,6,2026-02-09
3199,130,15,40000,4000,12,2025-12-01
3200,1975,21,40000,0,3,2025-10-22
3201,1003,24,90000,0,4,2025-10-09
3202,118,31,25000,2500,6,2025-11-04
3203,980,23,120000,12000,12,2025-11-03
3204,1264,38,40000,4000,6,2026-01-15
3205,485,8,15000,0,3,2025-05-25
3206,100,6,8000,0,3,2025-05-16
3207,15,28,25000,0,3,2025-04-17
3208,159,25,65000,0,3,2025-12-18
3209,240,25,15000,0,3,2026-03-05
3210,974,6,8000,0,3,2025-02-23
3211,95,22,90000,0,4,2025-08-27
3212,846,29,120000,0,4,2025-01-03
3213,179,31,25000,5000,12,2025-04-26
3214,1521,28,40000,8000,6,2025-01-28
3215,753,31,65000,0,3,2025-06-04
3216,335,26,120000,0,4,2025-12-22
3217,203,31,90000,9000,12,2026-02-22
3218,238,11,90000,0,4,2025-03-25
3219,1875,14,15000,0,3,2025-08-14
3220,1223,21,8000,1600,6,2025-10-21
3221,1331,6,8000,0,3,2025-05-11
3222,423,3,40000,0,3,2025-01-15
3223,932,11,90000,9000,12,2025-02-16
3224,1745,19,120000,0,3,2025-10-11
3225,1967,5,15000,0,4,2025-12-19
3226,563,34,40000,4000,6,2025-12-04
3227,820,4,8000,1600,6,2026-02-12
3228,653,10,90000,18000,6,2025-05-23
3229,20,28,65000,0,4,2025-05-19
3230,1315,19,8000,0,3,2025-12-01
3231,1309,31,65000,6500,12,2025-09-12
3232,1309,19,120000,0,4,2025-11-21
3233,1341,39,15000,0,4,2025-12-26
3234,320,24,40000,8000,12,2025-12-07
3235,1868,8,8000,0,3,2025-08-31
3236,347,37,8000,1600,12,2025-11-26
3237,813,14,65000,0,3,2025-07-23
3238,186,39,90000,0,3,2025-08-07
3239,1046,35,90000,9000,6,2025-04-01
3240,943,38,120000,0,3,2025-12-08
3241,380,22,15000,0,3,2025-04-18
3242,1064,23,120000,0,3,2025-01-02
3243,1962,17,90000,9000,6,2025-03-31
3244,369,7,40000,0,4,2025-12-25
3245,1836,31,8000,800,6,2025-04-05
3246,1161,9,120000,0,4,2025-01-26
3247,1013,39,90000,18000,12,2025-07-03
3248,262,38,90000,0,3,2025-08-05
3249,491,14,90000,0,3,2025-02-22
3250,365,17,90000,0,3,2026-01-27
3251,1686,9,15000,0,3,2025-03-29
3252,1816,31,15000,3000,12,2026-02-07
3253,1964,34,25000,5000,12,2025-09-27
3254,915,5,120000,12000,12,2025-11-13
3255,1332,29,90000,0,4,2025-08-16
3256,1375,17,15000,1500,6,2026-02-11
3257,1808,1,8000,1600,6,2025-06-07
3258,1157,15,65000,0,3,2025-12-08
3259,1008,31,65000,0,4,2026-01-09
3260,761,28,40000,0,3,2025-04-23
3261,914,2,90000,0,3,2025-04-21
3262,1568,15,90000,9000,6,2025-11-27
3263,1723,13,90000,0,3,2025-04-16
3264,1992,30,65000,0,3,2025-09-10
3265,1801,4,120000,12000,12,2025-02-19
3266,1909,31,25000,5000,6,2025-03-07
3267,687,15,90000,9000,12,2025-10-22
3268,1735,15,120000,12000,12,2025-10-08
3269,1689,29,40000,4000,12,2025-12-27
3270,860,31,90000,0,4,2025-07-09
3271,1637,21,90000,18000,6,2025-03-01
3272,1789,3,8000,0,4,2025-11-18
3273,1605,18,8000,0,4,2025-10-20
3274,1822,19,8000,0,3,2025-01-26
3275,606,35,40000,4000,6,2025-11-16
3276,1761,19,65000,6500,12,2025-10-10
3277,183,33,25000,0,3,2025-11-05
3278,123,36,90000,0,4,2025-12-15
3279,1926,2,8000,0,4,2025-05-04
3280,986,31,40000,0,4,2025-11-20
3281,1435,16,15000,0,3,2025-12-20
3282,630,25,15000,0,4,2025-01-30
3283,515,20,120000,12000,12,2025-07-07
3284,41,1,25000,5000,12,2026-03-04
3285,1320,19,120000,12000,12,2025-05-01
3286,509,18,8000,0,4,2025-09-29
3287,1735,35,40000,0,3,2025-03-04
3288,1422,26,40000,8000,6,2026-02-18
3289,259,22,120000,0,4,2025-07-14
3290,1088,23,40000,0,3,2025-10-24
3291,1733,28,90000,0,4,2025-01-14
3292,1608,29,25000,0,4,2025-12-05
3293,1935,4,120000,24000,6,2025-07-01
3294,74,40,65000,0,4,2025-05-12
3295,1005,17,40000,0,3,2025-07-09
3296,1454,31,90000,0,4,2025-06-22
3297,7,22,25000,0,3,2025-12-20
3298,1082,10,90000,9000,6,2025-08-29
3299,481,27,40000,0,3,2026-02-23
3300,542,35,90000,0,4,2025-08-11
3301,1643,7,40000,8000,12,2025-01-29
3302,1936,28,8000,800,6,2025-10-28
3303,715,28,8000,800,6,2025-01-19
3304,1073,5,8000,0,3,2025-12-09
3305,475,12,120000,24000,6,2025-04-17
3306,1859,40,90000,18000,6,2025-02-16
3307,1111,10,8000,0,3,2025-05-07
3308,197,6,65000,0,4,2025-07-02
3309,1393,28,65000,13000,6,2025-07-08
3310,1804,19,40000,0,4,2026-01-05
3311,628,36,40000,0,3,2026-01-04
3312,1791,29,120000,0,3,2025-01-05
3313,822,11,15000,0,3,2025-10-22
3314,570,20,40000,4000,6,2025-03-22
3315,1763,39,15000,3000,12,2025-10-29
3316,1223,25,40000,4000,6,2025-01-10
3317,1364,33,15000,0,3,2025-09-06
3318,1161,5,40000,0,3,2025-01-05
3319,865,24,8000,0,3,2025-08-22
3320,651,2,120000,0,4,2025-04-24
3321,1047,20,90000,0,4,2025-02-28
3322,1483,5,8000,0,3,2025-09-02
3323,850,2,40000,0,4,2025-02-17
3324,929,14,90000,9000,6,2025-12-28
3325,158,36,15000,1500,6,2025-10-17
3326,686,18,15000,3000,12,2025-02-09
3327,1611,3,8000,800,12,2025-02-12
3328,1637,18,65000,0,3,2025-07-27
3329,526,33,8000,0,4,2025-08-02
3330,1715,18,25000,0,3,2025-08-30
3331,1358,33,8000,1600,6,2026-01-23
3332,1625,8,120000,12000,6,2025-09-13
3333,726,32,40000,0,4,2025-10-18
3334,1504,19,25000,0,4,2025-01-24
3335,1086,35,120000,0,3,2025-09-10
3336,1579,12,15000,3000,6,2025-03-05
3337,604,10,40000,4000,12,2025-02-02
3338,1376,15,65000,6500,6,2025-07-04
3339,661,3,8000,800,6,2025-05-09
3340,367,33,40000,8000,12,2025-08-18
3341,1238,11,15000,0,3,2025-09-07
3342,531,14,120000,0,3,2025-10-28
3343,1275,32,90000,0,4,2025-04-01
3344,1834,34,90000,0,3,2026-02-06
3345,1656,19,65000,13000,12,2025-06-26
3346,305,23,8000,800,12,2026-01-16
3347,464,24,15000,1500,6,2026-01-03
3348,893,27,120000,0,3,2025-07-13
3349,272,24,15000,1500,6,2026-01-18
3350,737,3,25000,0,4,2025-04-02
3351,1679,14,40000,8000,12,2025-11-10
3352,1106,19,40000,0,4,2025-08-12
3353,462,21,40000,0,3,2025-05-22
3354,1158,16,40000,0,4,2025-01-20
3355,1532,36,8000,0,4,2025-11-09
3356,328,30,40000,4000,12,2025-03-06
3357,1110,19,15000,1500,12,2025-09-04
3358,759,9,15000,0,3,2025-04-25
3359,387,22,8000,0,3,2025-07-09
3360,1378,23,40000,8000,12,2026-02-15
3361,1683,19,25000,0,3,2025-01-13
3362,1506,24,8000,0,4,2025-11-20
3363,1607,25,90000,9000,12,2025-07-28
3364,843,3,25000,2500,6,2025-01-27
3365,1261,6,120000,0,4,2025-11-09
3366,1782,13,65000,0,4,2025-07-19
3367,1846,21,90000,0,4,2025-02-13
3368,223,19,8000,1600,12,2025-07-08
3369,493,15,120000,0,3,2025-03-21
3370,665,2,120000,0,3,2025-01-03
3371,1594,20,8000,0,3,2025-05-13
3372,1663,32,25000,2500,6,2025-09-21
3373,1951,28,65000,13000,12,2026-01-11
3374,413,13,120000,12000,12,2025-10-12
3375,204,34,90000,18000,6,2025-11-20
3376,1036,5,40000,4000,12,2025-07-26
3377,773,21,65000,0,4,2025-03-29
3378,1293,19,15000,0,3,2025-11-02
3379,1088,14,8000,800,12,2025-03-05
3380,793,4,40000,4000,6,2025-10-04
3381,1889,39,8000,0,4,2025-06-02
3382,1725,14,40000,4000,12,2025-09-29
3383,997,35,25000,0,4,2025-02-11
3384,1677,11,8000,0,4,2026-01-01
3385,1978,17,25000,5000,6,2025-03-12
3386,837,28,90000,18000,12,2025-06-30
3387,240,39,40000,0,3,2025-07-28
3388,648,22,90000,0,3,2025-06-25
3389,931,12,65000,13000,6,2025-06-21
3390,888,2,25000,0,3,2025-11-12
3391,1141,27,90000,0,3,2025-08-13
3392,283,10,15000,3000,12,2026-02-16
3393,465,24,8000,0,3,2025-08-09
3394,1005,6,25000,0,3,2025-10-14
3395,9,26,15000,0,4,2025-09-04
3396,584,39,120000,12000,6,2025-10-27
3397,633,22,120000,24000,12,2025-07-02
3398,1683,9,25000,0,3,2025-11-28
3399,324,7,120000,0,3,2025-09-13
3400,1535,29,8000,0,3,2025-10-19
3401,2,10,15000,0,4,2025-02-17
3402,503,20,40000,8000,6,2025-03-17
3403,1994,13,120000,0,4,2025-02-01
3404,1042,24,8000,0,3,2025-07-30
3405,1891,21,25000,5000,12,2025-06-25
3406,42,16,90000,0,3,2025-05-21
3407,1318,19,25000,0,4,2025-12-27
3408,1799,4,40000,8000,6,2025-09-26
3409,1612,33,40000,0,3,2025-11-14
3410,45,3,40000,0,3,2025-07-29
3411,1186,37,65000,6500,12,2025-03-30
3412,4,22,65000,6500,12,2025-05-26
3413,564,4,15000,0,4,2025-05-27
3414,1926,16,15000,0,3,2025-11-30
3415,1755,21,65000,0,4,2025-08-19
3416,1305,7,15000,0,3,2025-09-25
3417,1991,33,15000,0,3,2025-11-23
3418,758,2,40000,0,3,2025-01-27
3419,380,29,40000,0,3,2025-03-08
3420,7,32,25000,2500,6,2025-08-07
3421,1014,22,65000,13000,12,2025-08-14
3422,1080,11,25000,2500,6,2025-09-17
3423,340,31,65000,13000,12,2025-06-11
3424,1314,20,90000,0,3,2026-02-11
3425,1760,30,120000,12000,6,2025-11-12
3426,631,40,40000,8000,12,2025-03-29
3427,678,14,65000,0,3,2025-02-18
3428,1452,32,65000,6500,6,2026-01-09
3429,1530,23,8000,0,3,2025-04-10
3430,911,21,120000,0,3,2025-03-10
3431,1340,39,25000,0,4,2025-11-30
3432,1297,17,65000,6500,6,2025-12-14
3433,1364,27,40000,0,3,2025-07-01
3434,1835,35,90000,0,3,2025-06-14
3435,928,9,8000,1600,12,2025-04-09
3436,1984,6,40000,0,3,2025-12-18
3437,3,12,8000,0,3,2025-05-20
3438,946,24,90000,0,4,2025-07-13
3439,983,20,15000,3000,12,2026-01-07
3440,241,20,25000,2500,6,2026-02-06
3441,1713,1,120000,12000,6,2025-04-23
3442,128,37,65000,0,3,2025-03-18
3443,1759,4,40000,0,3,2025-01-29
3444,680,37,40000,4000,6,2025-04-23
3445,845,29,65000,0,4,2025-11-01
3446,307,39,120000,0,3,2025-02-05
3447,1459,31,65000,0,4,2025-10-05
3448,1102,28,65000,13000,6,2025-06-28
3449,1842,21,90000,9000,6,2025-10-19
3450,1489,6,40000,0,3,2025-07-16
3451,1857,35,8000,800,12,2025-05-22
3452,1354,7,120000,0,3,2025-12-06
3453,242,40,8000,0,3,2025-10-03
3454,54,18,120000,0,3,2025-10-25
3455,1226,17,25000,0,4,2026-01-11
3456,1013,36,25000,0,3,2025-11-12
3457,44,40,120000,12000,12,2025-08-11
3458,1711,39,40000,4000,6,2025-02-22
3459,1136,10,65000,0,4,2026-01-15
3460,1438,31,90000,18000,12,2025-12-31
3461,190,29,90000,18000,12,2025-02-03
3462,1227,37,25000,0,3,2025-04-03
3463,297,29,65000,0,3,2025-05-15
3464,1742,11,25000,5000,12,2025-09-30
3465,241,8,65000,0,3,2025-05-04
3466,1377,24,25000,0,3,2025-11-05
3467,322,14,120000,0,3,2025-07-08
3468,1838,11,8000,1600,6,2025-05-05
3469,1513,14,15000,0,3,2025-12-24
3470,1006,13,15000,1500,12,2025-08-12
3471,1064,25,40000,4000,12,2025-01-22
3472,753,23,65000,0,3,2025-01-10
3473,1991,27,15000,0,3,2026-01-22
3474,1742,9,25000,0,3,2025-02-13
3475,1699,19,25000,0,3,2026-03-04
3476,434,32,40000,8000,12,2026-01-23
3477,1635,12,65000,0,3,2025-10-26
3478,1731,13,90000,0,4,2025-08-20
3479,1283,21,8000,0,3,2025-06-20
3480,1608,18,65000,0,3,2025-01-07
3481,430,34,65000,6500,6,2025-10-29
3482,1063,10,40000,4000,12,2025-01-19
3483,1299,1,40000,0,3,2025-05-06
3484,1407,38,90000,0,3,2025-06-11
3485,1121,34,25000,0,3,2025-04-20
3486,1812,1,8000,0,3,2025-09-26
3487,501,27,40000,0,3,2025-12-27
3488,429,32,120000,0,4,2026-02-05
3489,1749,27,90000,18000,6,2026-02-09
3490,1431,16,65000,0,4,2025-04-30
3491,1139,3,8000,800,12,2025-04-01
3492,918,2,8000,800,6,2025-03-10
3493,50,27,25000,2500,12,2025-09-30
3494,462,7,65000,0,4,2025-01-05
3495,462,26,25000,0,3,2026-01-23
3496,154,14,90000,0,3,2025-10-06
3497,1706,39,90000,9000,12,2025-10-17
3498,75,19,15000,1500,6,2025-09-11
3499,230,26,25000,0,3,2025-04-16
3500,1727,37,8000,0,4,2025-02-04
3501,1660,22,90000,0,3,2025-07-05
3502,601,1,8000,800,12,2025-04-14
3503,985,18,65000,0,4,2025-12-05
3504,209,26,120000,24000,12,2025-01-15
3505,462,37,120000,0,3,2025-01-03
3506,1317,11,120000,0,4,2025-07-18
3507,216,39,40000,0,4,2025-02-18
3508,67,30,120000,0,4,2025-09-07
3509,1644,2,90000,0,4,2025-08-31
3510,402,39,90000,18000,12,2025-12-11
3511,165,2,120000,24000,12,2025-05-12
3512,1921,19,90000,18000,12,2025-02-28
3513,1995,21,40000,0,3,2025-06-06
3514,417,27,15000,3000,12,2025-12-19
3515,906,3,90000,18000,6,2025-05-16
3516,343,12,8000,800,6,2025-09-09
3517,382,12,8000,1600,6,2026-01-16
3518,796,16,8000,0,3,2025-12-14
3519,1136,11,65000,0,4,2026-01-30
3520,1267,7,120000,24000,12,2026-01-22
3521,1477,27,40000,0,4,2025-05-26
3522,784,11,120000,0,4,2025-10-12
3523,1329,20,90000,0,3,2026-01-17
3524,1054,28,65000,6500,12,2025-01-08
3525,1764,37,8000,800,12,2025-10-16
3526,1504,35,15000,0,3,2025-09-08
3527,951,26,8000,1600,6,2025-01-10
3528,1233,23,65000,6500,6,2025-02-21
3529,507,33,8000,0,4,2025-10-30
3530,1526,24,8000,0,4,2025-05-06
3531,1510,27,40000,0,3,2025-10-16
3532,391,40,15000,1500,6,2025-05-16
3533,632,13,90000,0,3,2025-02-02
3534,788,36,120000,24000,12,2025-10-23
3535,948,16,90000,0,3,2025-05-09
3536,589,5,25000,0,3,2025-09-27
3537,848,8,65000,0,3,2026-01-19
3538,523,30,40000,0,3,2025-01-13
3539,1909,23,25000,0,4,2025-03-03
3540,1595,26,90000,0,3,2025-02-02
3541,29,35,15000,1500,6,2025-07-26
3542,971,33,90000,0,4,2025-10-08
3543,1823,17,65000,6500,12,2025-01-06
3544,1900,35,40000,0,3,2025-12-21
3545,1413,6,65000,0,3,2025-05-15
3546,1066,1,15000,1500,12,2026-01-26
3547,1004,27,8000,1600,6,2025-12-02
3548,1819,11,90000,9000,6,2025-04-30
3549,70,12,90000,9000,12,2025-07-06
3550,1087,33,90000,0,4,2025-07-31
3551,910,40,15000,1500,12,2025-02-08
3552,498,12,120000,12000,6,2025-05-06
3553,474,4,120000,0,3,2025-12-11
3554,790,32,90000,18000,12,2025-02-03
3555,1439,5,15000,3000,6,2025-04-06
3556,1252,22,40000,0,3,2025-12-27
3557,153,27,25000,5000,6,2025-08-07
3558,853,6,90000,0,4,2025-09-01
3559,1822,34,40000,8000,6,2025-09-04
3560,901,19,90000,9000,12,2025-10-02
3561,1312,4,25000,5000,6,2025-04-04
3562,898,27,8000,0,3,2026-01-06
3563,623,14,120000,12000,12,2025-04-25
3564,1280,14,120000,12000,6,2025-01-02
3565,372,23,25000,5000,12,2026-02-11
3566,1068,25,25000,5000,6,2025-07-06
3567,645,31,8000,0,4,2025-07-21
3568,1529,28,120000,0,3,2025-01-04
3569,163,29,25000,0,3,2025-12-04
3570,772,39,90000,0,4,2025-05-30
3571,673,30,120000,24000,6,2025-04-28
3572,856,2,120000,0,3,2025-05-18
3573,1206,26,90000,18000,12,2025-11-08
3574,859,15,8000,0,3,2025-11-24
3575,1860,37,15000,1500,6,2025-02-23
3576,603,14,90000,0,4,2025-11-04
3577,677,29,120000,0,4,2025-05-21
3578,269,16,40000,8000,6,2025-06-25
3579,203,16,8000,0,4,2026-02-08
3580,1523,9,25000,2500,12,2025-11-07
3581,1597,29,25000,0,4,2025-08-30
3582,1890,11,25000,0,3,2025-06-21
3583,773,38,90000,9000,12,2025-10-14
3584,1064,31,120000,0,3,2025-11-05
3585,663,38,65000,0,3,2025-03-04
3586,939,4,25000,0,3,2025-08-27
3587,984,36,90000,0,3,2025-06-25
3588,1126,31,120000,0,3,2025-08-24
3589,1252,8,120000,12000,12,2025-02-16
3590,1,31,40000,8000,6,2025-10-01
3591,1417,20,120000,24000,12,2025-08-20
3592,144,26,120000,24000,12,2026-01-12
3593,621,40,15000,1500,6,2025-04-12
3594,1162,32,120000,0,4,2026-02-19
3595,1674,17,120000,0,3,2025-05-18
3596,349,4,8000,1600,6,2025-03-09
3597,1618,38,8000,0,3,2025-09-30
3598,592,23,25000,0,3,2025-07-17
3599,1796,14,8000,800,12,2025-01-20
3600,1335,12,65000,6500,6,2025-08-05
3601,1853,10,65000,0,4,2026-03-07
3602,1811,37,120000,0,3,2025-08-01
3603,438,5,8000,0,3,2025-05-25
3604,1693,9,15000,3000,6,2025-12-09
3605,452,35,120000,0,3,2025-03-07
3606,1383,4,25000,0,4,2025-08-12
3607,1691,12,120000,0,4,2025-06-23
3608,1712,16,90000,9000,12,2025-09-12
3609,38,24,120000,0,4,2025-09-15
3610,856,23,25000,0,4,2025-12-10
3611,1310,29,65000,6500,6,2026-01-30
3612,1979,39,25000,0,3,2025-07-13
3613,1378,2,25000,0,4,2025-12-19
3614,31,22,40000,0,3,2025-10-14
3615,1937,12,25000,0,3,2026-01-24
3616,1575,24,25000,0,4,2025-01-13
3617,1502,29,40000,0,4,2025-07-10
3618,1185,23,8000,0,3,2025-04-17
3619,1391,37,15000,1500,12,2025-09-29
3620,1706,29,120000,0,3,2026-01-23
3621,8,14,25000,5000,6,2025-12-09
3622,1361,9,120000,12000,12,2025-01-28
3623,85,10,15000,1500,12,2025-09-11
3624,1551,13,15000,0,3,2025-02-04
3625,1901,9,40000,8000,12,2026-01-12
3626,710,12,8000,800,6,2025-02-03
3627,24,1,120000,0,3,2025-12-17
3628,122,32,15000,1500,12,2025-06-19
3629,268,20,15000,0,3,2025-09-09
3630,1620,26,8000,800,6,2025-03-01
3631,1652,39,40000,0,3,2025-01-31
3632,1572,26,8000,0,4,2025-08-22
3633,1816,15,25000,2500,6,2026-01-23
3634,1676,38,8000,0,3,2025-11-05
3635,333,14,90000,18000,6,2025-10-04
3636,1254,35,8000,0,4,2025-04-19
3637,692,17,40000,8000,6,2025-03-20
3638,166,7,15000,0,4,2025-09-28
3639,184,31,25000,2500,12,2026-02-19
3640,1604,17,120000,0,3,2025-10-06
3641,1029,2,15000,0,4,2025-02-24
3642,260,6,120000,24000,6,2025-12-15
3643,1870,24,40000,0,3,2025-08-01
3644,149,1,15000,1500,6,2025-09-05
3645,207,19,120000,0,4,2026-01-13
3646,393,30,65000,0,4,2025-10-09
3647,1470,31,40000,8000,6,2025-08-24
3648,1996,16,90000,0,3,2025-04-25
3649,1807,40,90000,0,3,2025-12-13
3650,1272,40,90000,0,3,2025-06-29
3651,999,32,90000,0,4,2025-01-30
3652,1407,15,90000,18000,12,2025-11-23
3653,110,13,90000,18000,6,2025-06-14
3654,835,16,65000,0,3,2026-02-22
3655,583,32,90000,0,3,2025-11-12
3656,194,35,40000,0,3,2025-08-26
3657,1024,20,40000,0,4,2025-11-13
3658,50,39,25000,5000,12,2026-01-09
3659,543,34,25000,0,4,2025-10-12
3660,1765,12,15000,0,3,2025-04-16
3661,545,1,40000,0,3,2025-07-21
3662,1465,12,40000,8000,6,2025-05-14
3663,137,31,65000,0,3,2025-07-31
3664,1289,36,90000,0,3,2025-07-10
3665,15,2,90000,0,4,2025-12-31
3666,1096,30,40000,8000,6,2025-09-06
3667,403,23,8000,800,6,2025-08-12
3668,793,1,120000,12000,12,2026-02-27
3669,638,27,90000,0,4,2025-08-06
3670,1164,6,25000,2500,6,2025-02-21
3671,278,29,40000,4000,6,2025-03-10
3672,1395,29,65000,0,3,2026-03-03
3673,59,35,8000,0,3,2025-09-27
3674,1240,40,25000,0,3,2025-07-26
3675,952,27,90000,9000,12,2025-03-21
3676,1136,1,8000,0,3,2025-07-31
3677,1,1,90000,0,3,2025-01-04
3678,1290,11,40000,8000,12,2025-10-07
3679,1925,11,90000,0,3,2025-10-20
3680,552,5,8000,0,4,2025-03-27
3681,931,9,120000,0,3,2026-03-06
3682,681,35,65000,6500,6,2025-12-06
3683,1262,21,90000,0,4,2025-11-27
3684,1740,34,25000,0,4,2025-05-03
3685,1327,34,90000,0,3,2025-07-24
3686,718,21,65000,0,3,2025-12-06
3687,1203,27,90000,0,3,2025-01-10
3688,1285,11,65000,0,4,2025-08-28
3689,1889,35,120000,0,4,2025-06-18
3690,1098,31,25000,5000,12,2025-05-24
3691,729,30,8000,800,12,2026-03-01
3692,1347,40,25000,0,3,2025-08-17
3693,870,39,8000,1600,12,2025-09-14
3694,1608,31,65000,0,4,2025-05-31
3695,806,29,90000,0,3,2025-10-20
3696,1657,31,65000,0,4,2025-01-26
3697,1952,4,40000,4000,6,2025-05-28
3698,76,27,90000,0,3,2026-02-06
3699,1822,9,8000,0,4,2025-09-16
3700,440,28,40000,0,3,2025-06-26
3701,1491,23,40000,0,4,2025-06-26
3702,1485,28,25000,0,3,2025-10-04
3703,1792,33,40000,0,4,2025-12-03
3704,535,26,25000,0,4,2025-03-31
3705,280,38,65000,13000,12,2025-08-16
3706,988,3,120000,0,3,2025-04-19
3707,1328,8,8000,1600,12,2025-09-25
3708,157,40,15000,0,4,2025-11-28
3709,1462,25,8000,0,3,2025-09-24
3710,1118,40,8000,0,4,2025-07-14
3711,964,17,15000,3000,6,2025-05-13
3712,1435,34,40000,0,3,2025-02-11
3713,1106,19,25000,2500,12,2026-01-08
3714,1761,21,120000,0,3,2025-11-24
3715,1428,32,25000,0,4,2025-01-11
3716,1174,21,120000,24000,6,2025-10-03
3717,924,14,65000,0,3,2025-09-11
3718,1567,17,15000,0,3,2025-02-25
3719,1976,12,25000,2500,12,2026-02-20
3720,1580,14,120000,24000,6,2025-04-02
3721,421,7,8000,0,3,2025-12-25
3722,1600,32,40000,0,3,2025-01-23
3723,372,25,25000,2500,6,2025-04-17
3724,1214,36,40000,0,3,2025-12-30
3725,738,6,15000,0,3,2025-06-19
3726,1370,25,15000,0,3,2025-09-01
3727,1098,24,90000,0,4,2026-01-09
3728,1797,11,90000,9000,6,2025-05-28
3729,9,18,15000,1500,12,2025-03-01
3730,1946,23,25000,0,4,2025-04-23
3731,609,34,65000,13000,12,2025-04-18
3732,21,20,65000,0,4,2025-01-01
3733,683,27,25000,0,3,2026-02-18
3734,1323,26,65000,6500,12,2025-09-22
3735,818,16,8000,0,3,2025-05-03
3736,1514,16,40000,0,3,2025-10-16
3737,1731,20,90000,0,3,2026-01-26
3738,274,10,40000,0,3,2025-10-08
3739,1303,19,90000,0,3,2025-01-02
3740,350,19,90000,9000,12,2025-05-14
3741,682,4,90000,0,3,2025-05-16
3742,1238,21,15000,0,3,2025-06-21
3743,1832,34,65000,0,4,2025-04-05
3744,939,38,65000,13000,12,2026-01-29
3745,1224,4,90000,9000,6,2025-01-01
3746,867,31,90000,0,4,2025-03-04
3747,880,12,120000,0,3,2026-01-17
3748,1114,12,40000,4000,6,2025-12-29
3749,382,11,15000,0,3,2025-11-01
3750,362,11,65000,0,4,2025-04-11
3751,1883,3,8000,1600,12,2025-12-15
3752,516,24,15000,1500,12,2025-03-24
3753,1760,22,25000,0,3,2025-02-27
3754,1614,40,90000,18000,12,2025-09-18
3755,29,1,90000,0,3,2025-04-04
3756,1031,20,120000,0,4,2025-11-05
3757,551,36,90000,9000,12,2025-03-28
3758,1645,17,90000,0,4,2025-12-13
3759,1339,20,90000,9000,6,2025-07-01
3760,1945,4,90000,18000,12,2026-02-07
3761,350,19,40000,0,4,2025-04-13
3762,1742,15,25000,0,4,2025-08-09
3763,1425,14,120000,0,3,2025-06-02
3764,89,39,120000,0,3,2025-04-08
3765,494,5,90000,0,4,2025-11-13
3766,1202,29,120000,24000,6,2026-01-13
3767,1285,15,15000,3000,12,2025-05-25
3768,630,38,8000,1600,12,2025-02-23
3769,34,27,25000,2500,12,2025-01-16
3770,445,6,120000,0,3,2025-07-09
3771,1579,28,40000,0,3,2025-07-18
3772,708,5,25000,2500,12,2025-03-01
3773,215,22,40000,0,3,2025-10-04
3774,525,14,40000,0,3,2026-01-07
3775,1326,27,40000,0,3,2025-01-19
3776,442,8,25000,0,4,2025-04-06
3777,15,29,15000,0,3,2025-02-08
3778,616,2,90000,0,3,2026-02-21
3779,651,15,65000,0,3,2025-12-12
3780,1602,5,8000,800,12,2025-12-11
3781,1356,12,8000,800,12,2025-12-29
3782,611,22,90000,0,3,2025-05-16
3783,982,16,90000,0,3,2025-05-14
3784,1800,6,65000,0,3,2025-05-23
3785,388,2,120000,0,4,2025-03-17
3786,1040,5,40000,8000,6,2025-12-06
3787,392,7,90000,0,3,2026-01-02
3788,1621,28,15000,0,3,2025-10-15
3789,1208,21,40000,0,3,2025-02-12
3790,1948,38,90000,18000,12,2025-01-30
3791,1587,34,40000,0,3,2026-01-23
3792,1317,32,40000,8000,6,2025-01-23
3793,1124,14,8000,800,12,2026-03-02
3794,1639,5,25000,0,4,2025-08-09
3795,804,4,40000,0,3,2025-04-19
3796,1562,33,8000,800,12,2025-07-24
3797,572,13,90000,0,3,2025-01-12
3798,1321,9,120000,24000,6,2025-06-20
3799,870,32,8000,0,3,2025-10-26
3800,1748,14,40000,0,4,2025-07-22
3801,414,39,90000,18000,6,2025-05-13
3802,425,32,8000,0,3,2025-10-07
3803,1643,1,90000,0,3,2025-05-08
3804,1224,40,120000,12000,6,2026-02-21
3805,1153,2,40000,0,3,2025-07-25
3806,575,15,65000,0,3,2025-05-17
3807,257,11,90000,0,3,2025-08-11
3808,551,3,8000,0,4,2025-02-23
3809,1477,22,40000,0,4,2026-02-12
3810,1741,13,120000,12000,12,2025-05-09
3811,622,17,90000,0,4,2026-02-06
3812,1271,4,90000,0,3,2026-01-30
3813,907,26,90000,18000,6,2026-02-03
3814,1910,38,15000,0,4,2025-01-07
3815,650,5,40000,0,3,2025-06-01
3816,1681,34,40000,0,3,2025-09-09
3817,1036,40,40000,8000,6,2025-01-11
3818,1141,22,15000,1500,12,2025-10-10
3819,1235,2,25000,5000,6,2026-01-18
3820,376,36,25000,0,3,2026-02-11
3821,982,2,15000,0,3,2025-12-06
3822,1933,2,65000,13000,6,2025-12-28
3823,711,18,15000,3000,12,2025-09-28
3824,456,34,120000,0,4,2025-08-23
3825,908,33,90000,0,3,2025-11-29
3826,390,21,8000,0,4,2025-01-01
3827,797,5,15000,0,3,2025-08-20
3828,1702,28,25000,0,3,2025-02-13
3829,1314,18,90000,0,3,2025-08-01
3830,154,29,25000,5000,12,2025-08-02
3831,1569,6,90000,0,4,2025-09-10
3832,671,27,90000,9000,12,2026-02-27
3833,979,31,15000,3000,12,2025-09-24
3834,1350,1,40000,0,4,2025-04-09
3835,1871,25,15000,1500,12,2025-06-25
3836,675,16,65000,0,4,2025-07-04
3837,680,17,25000,2500,6,2025-10-24
3838,1583,39,90000,18000,6,2025-10-15
3839,1744,23,40000,0,3,2025-09-23
3840,1686,38,8000,0,3,2025-04-26
3841,1645,18,25000,0,3,2025-06-09
3842,1439,40,65000,13000,12,2025-08-06
3843,397,31,25000,5000,6,2025-02-27
3844,775,31,90000,9000,6,2025-02-03
3845,1856,5,90000,0,3,2025-12-24
3846,869,11,120000,0,3,2025-08-01
3847,1029,9,15000,0,3,2025-07-21
3848,902,3,40000,8000,6,2025-05-12
3849,943,40,90000,18000,12,2025-09-23
3850,1592,29,8000,0,3,2026-01-24
3851,1975,5,40000,0,3,2025-05-27
3852,1693,37,65000,0,3,2025-02-03
3853,891,30,120000,0,3,2025-08-19
3854,641,16,8000,1600,6,2025-04-18
3855,1969,24,120000,0,3,2025-01-05
3856,1942,20,15000,0,4,2025-02-21
3857,1739,37,65000,13000,12,2025-10-24
3858,758,36,90000,0,3,2025-09-30
3859,628,24,15000,0,4,2026-02-15
3860,859,20,65000,6500,6,2025-08-12
3861,1560,13,15000,3000,6,2026-01-20
3862,1549,5,65000,6500,12,2025-03-17
3863,1482,38,15000,1500,12,2025-01-10
3864,1481,25,120000,0,3,2025-10-14
3865,13,21,120000,0,3,2026-01-08
3866,243,18,120000,0,3,2025-02-10
3867,402,12,40000,0,4,2025-07-03
3868,1184,6,90000,9000,12,2025-11-20
3869,1955,37,40000,8000,6,2025-02-03
3870,220,6,40000,4000,12,2025-02-08
3871,1742,38,8000,0,3,2025-03-06
3872,735,15,15000,0,3,2025-06-21
3873,1770,20,90000,9000,12,2025-06-07
3874,1728,22,25000,0,3,2026-01-03
3875,757,13,90000,9000,12,2025-02-11
3876,535,13,65000,6500,6,2025-12-13
3877,1247,35,65000,0,3,2025-09-05
3878,106,24,8000,0,3,2026-01-20
3879,936,17,90000,0,3,2025-04-16
3880,1416,8,90000,18000,12,2025-01-12
3881,624,7,65000,0,4,2025-05-22
3882,1390,21,120000,24000,12,2025-01-05
3883,126,5,90000,18000,12,2025-12-06
3884,227,7,40000,4000,6,2025-02-25
3885,1908,27,25000,0,3,2026-01-19
3886,1058,6,120000,24000,6,2026-02-23
3887,1426,2,15000,0,3,2025-12-30
3888,1855,16,90000,18000,6,2025-07-08
3889,359,33,25000,2500,6,2025-06-07
3890,1260,18,25000,0,3,2025-11-11
3891,1951,29,15000,0,4,2025-07-23
3892,1953,4,25000,0,3,2025-08-28
3893,765,22,40000,4000,12,2026-01-15
3894,288,9,90000,0,4,2025-05-07
3895,1161,35,90000,0,3,2025-11-26
3896,1588,7,40000,0,4,2025-03-30
3897,1723,32,90000,0,4,2025-06-09
3898,1478,24,120000,12000,6,2025-07-05
3899,232,14,8000,0,3,2025-01-09
3900,1976,24,40000,4000,6,2025-05-08
3901,1154,30,8000,0,4,2025-08-07
3902,1328,20,90000,18000,12,2025-07-26
3903,1866,7,40000,0,3,2025-01-21
3904,1301,12,90000,0,4,2025-01-25
3905,1500,19,120000,0,3,2026-02-22
3906,431,36,90000,0,3,2025-11-29
3907,630,20,40000,8000,6,2025-02-08
3908,1839,5,65000,13000,12,2025-11-06
3909,1326,24,8000,0,4,2025-09-11
3910,826,12,15000,0,3,2025-06-04
3911,914,5,40000,4000,12,2025-12-31
3912,1821,32,8000,0,3,2025-11-18
3913,1585,33,15000,3000,6,2025-01-31
3914,587,20,40000,4000,6,2025-07-27
3915,1516,32,65000,0,3,2025-02-04
3916,898,34,25000,5000,12,2025-08-26
3917,1621,22,8000,0,3,2025-05-26
3918,1483,30,40000,0,3,2025-11-02
3919,1293,24,8000,0,4,2025-11-25
3920,1590,17,15000,0,3,2025-09-06
3921,783,29,65000,13000,12,2025-04-04
3922,1891,26,25000,0,3,2025-08-09
3923,1035,9,25000,0,3,2025-08-13
3924,8,27,25000,0,3,2025-01-27
3925,321,4,40000,0,4,2025-03-24
3926,1947,15,65000,13000,6,2025-01-25
3927,799,40,65000,0,4,2026-01-12
3928,86,26,90000,0,4,2025-08-05
3929,260,14,90000,0,4,2025-05-20
3930,68,35,8000,0,3,2026-02-14
3931,502,12,8000,800,6,2025-06-02
3932,725,15,25000,5000,12,2025-01-15
3933,1503,26,65000,0,3,2025-09-17
3934,1816,31,8000,1600,6,2025-01-17
3935,1338,23,15000,0,3,2026-02-17
3936,431,30,15000,0,3,2025-07-06
3937,815,16,65000,0,3,2026-02-12
3938,571,8,25000,2500,6,2025-10-09
3939,957,38,25000,0,3,2025-11-20
3940,1519,25,25000,2500,6,2025-03-03
3941,540,19,65000,13000,6,2025-03-18
3942,422,21,25000,0,3,2025-01-17
3943,814,18,15000,0,4,2026-02-23
3944,1867,26,8000,800,12,2025-02-14
3945,1396,30,25000,2500,12,2025-04-03
3946,178,32,120000,24000,6,2025-06-19
3947,1024,38,40000,0,3,2025-08-12
3948,967,33,15000,0,3,2025-09-21
3949,784,34,40000,8000,12,2025-07-19
3950,543,10,40000,0,3,2025-04-24
3951,1022,37,120000,0,3,2025-08-19
3952,1791,37,90000,18000,12,2026-01-06
3953,290,20,90000,9000,12,2025-07-22
3954,675,9,25000,0,4,2025-03-17
3955,1413,31,15000,0,3,2025-09-08
3956,656,4,15000,0,3,2025-06-28
3957,741,7,40000,0,4,2025-10-18
3958,1707,38,120000,0,4,2025-03-30
3959,1945,22,120000,0,3,2025-08-07
3960,1858,31,90000,0,4,2025-07-22
3961,1194,6,90000,9000,12,2025-04-09
3962,728,40,120000,0,4,2025-11-29
3963,283,13,8000,0,3,2025-07-27
3964,1512,18,15000,1500,6,2025-05-29
3965,1019,30,15000,0,3,2025-08-09
3966,1757,12,15000,0,3,2025-04-03
3967,1369,37,65000,0,3,2025-04-09
3968,1356,12,8000,0,3,2025-06-17
3969,482,11,65000,0,3,2025-01-08
3970,180,14,90000,0,4,2025-04-17
3971,1240,5,90000,9000,6,2025-02-03
3972,1786,17,8000,0,4,2025-11-18
3973,1116,37,8000,1600,6,2025-06-04
3974,356,33,65000,0,3,2026-01-31
3975,1550,37,65000,6500,6,2025-12-12
3976,510,27,25000,0,4,2025-02-24
3977,1418,19,15000,3000,6,2026-02-07
3978,464,29,25000,0,3,2025-06-13
3979,1021,17,8000,0,3,2025-08-29
3980,222,30,8000,0,3,2026-02-16
3981,1217,28,120000,12000,6,2025-11-15
3982,1262,7,15000,0,3,2025-11-10
3983,1414,17,90000,18000,12,2026-01-16
3984,669,1,8000,1600,6,2025-05-07
3985,258,25,15000,3000,12,2025-01-26
3986,447,33,15000,1500,6,2025-07-20
3987,996,33,65000,13000,12,2025-03-18
3988,465,32,25000,0,4,2025-03-14
3989,158,30,40000,0,3,2025-09-15
3990,711,13,25000,5000,12,2025-11-23
3991,1243,37,120000,0,3,2026-02-05
3992,249,29,90000,0,4,2025-12-22
3993,540,11,90000,0,3,2025-10-17
3994,1188,26,120000,0,3,2026-01-05
3995,1013,17,65000,0,4,2025-03-15
3996,755,17,8000,0,3,2026-02-09
3997,657,5,40000,8000,6,2025-01-26
3998,1693,15,40000,0,3,2025-01-12
3999,243,5,8000,0,4,2026-01-07
4000,181,14,15000,0,4,2025-10-28
4001,623,29,120000,0,3,2025-02-02
4002,660,9,25000,0,4,2025-12-29
4003,642,25,40000,0,4,2025-06-26
4004,1687,16,15000,0,3,2025-04-29
4005,425,19,65000,0,3,2025-02-03
4006,241,28,15000,0,3,2025-02-15
4007,413,24,65000,0,3,2026-02-16
4008,418,19,90000,9000,6,2025-09-06
4009,189,25,120000,12000,12,2025-11-17
4010,1115,4,8000,0,3,2025-12-12
4011,1578,9,90000,9000,6,2025-10-23
4012,1851,5,25000,0,3,2025-06-08
4013,1072,26,40000,0,3,2026-02-04
4014,475,33,8000,0,3,2026-02-18
4015,1276,5,40000,0,4,2025-02-06
4016,1572,31,90000,0,4,2025-11-15
4017,51,25,90000,0,3,2025-10-23
4018,911,25,65000,0,3,2025-04-20
4019,1760,12,90000,0,3,2025-10-04
4020,1122,23,65000,0,4,2025-05-01
4021,1390,20,8000,0,4,2025-12-15
4022,117,24,40000,0,4,2025-01-03
4023,673,40,90000,18000,6,2025-02-22
4024,1416,18,15000,0,3,2025-04-17
4025,1862,39,8000,0,3,2025-02-04
4026,884,14,8000,0,3,2025-07-02
4027,426,2,90000,0,3,2026-01-30
4028,1712,35,40000,8000,6,2025-08-28
4029,439,20,8000,0,3,2025-03-24
4030,131,38,25000,2500,6,2025-07-23
4031,1559,29,25000,0,3,2025-09-13
4032,1577,33,40000,0,4,2025-06-28
4033,1841,21,65000,0,4,2025-08-02
4034,1928,4,40000,0,4,2025-10-15
4035,642,40,25000,2500,12,2025-02-20
4036,1609,20,65000,0,3,2026-01-09
4037,1034,24,65000,0,3,2025-04-23
4038,57,40,120000,0,3,2025-01-01
4039,1150,1,120000,0,3,2025-04-05
4040,664,7,40000,4000,6,2025-03-10
4041,1379,39,8000,0,3,2025-12-10
4042,458,15,65000,0,4,2026-01-09
4043,294,9,25000,5000,12,2025-04-25
4044,163,19,8000,0,3,2026-01-28
4045,1157,35,120000,0,3,2025-08-05
4046,1378,21,8000,0,4,2025-12-09
4047,1264,32,8000,0,4,2025-02-01
4048,345,6,90000,0,4,2025-11-04
4049,1117,27,65000,0,3,2025-02-15
4050,72,24,25000,0,4,2025-03-31
4051,5,29,25000,5000,6,2025-08-23
4052,1672,7,15000,0,4,2025-02-27
4053,1205,24,120000,0,4,2026-02-02
4054,1815,9,40000,4000,12,2025-12-21
4055,1019,28,90000,0,3,2025-09-26
4056,1348,9,120000,0,3,2025-07-01
4057,1949,31,8000,0,4,2025-10-26
4058,419,31,90000,9000,6,2025-11-22
4059,1290,6,65000,6500,12,2025-02-27
4060,492,16,40000,8000,12,2025-09-15
4061,1350,16,25000,5000,12,2025-06-06
4062,31,12,65000,0,3,2025-11-15
4063,1447,8,8000,800,6,2026-01-27
4064,460,4,25000,0,3,2025-04-18
4065,1020,15,120000,0,3,2025-12-29
4066,1557,11,65000,0,3,2025-07-29
4067,167,6,40000,0,3,2025-05-28
4068,1053,9,15000,0,3,2025-08-02
4069,583,22,120000,24000,6,2025-08-23
4070,1297,7,25000,0,3,2026-01-06
4071,56,38,120000,24000,12,2025-12-19
4072,955,10,25000,0,4,2025-03-14
4073,258,7,120000,0,4,2026-02-07
4074,1666,25,8000,0,4,2025-10-28
4075,994,20,90000,0,4,2025-08-04
4076,611,25,90000,18000,12,2025-03-10
4077,697,17,120000,24000,6,2025-04-25
4078,515,10,8000,0,4,2026-01-13
4079,564,7,15000,1500,12,2026-01-02
4080,1228,31,25000,0,3,2025-08-16
4081,481,39,15000,0,3,2025-08-08
4082,199,1,25000,0,3,2025-04-26
4083,1986,27,90000,9000,12,2025-07-02
4084,585,9,8000,800,6,2025-10-15
4085,401,13,15000,0,4,2025-06-23
4086,104,37,8000,0,4,2025-11-17
4087,1696,3,120000,0,3,2025-05-22
4088,454,9,40000,0,3,2025-02-27
4089,522,31,15000,0,4,2026-01-27
4090,1016,40,15000,0,4,2025-02-12
4091,1166,33,120000,0,3,2025-06-05
4092,362,3,25000,5000,12,2025-05-24
4093,1908,7,120000,0,3,2025-07-03
4094,1539,10,25000,0,3,2025-05-22
4095,456,7,120000,0,3,2025-12-07
4096,40,14,8000,0,3,2025-02-17
4097,1317,16,15000,3000,12,2025-06-09
4098,834,13,15000,0,3,2025-10-02
4099,286,39,8000,0,3,2026-02-27
4100,477,29,15000,1500,6,2025-01-27
4101,1954,18,120000,24000,6,2025-05-25
4102,423,25,65000,0,3,2025-07-01
4103,524,28,15000,1500,6,2026-03-03
4104,1319,29,8000,1600,6,2025-07-19
4105,1418,3,120000,0,3,2026-01-06
4106,1091,4,25000,5000,12,2025-07-07
4107,779,22,8000,0,4,2025-01-24
4108,574,12,90000,0,4,2026-01-31
4109,1442,34,120000,12000,6,2025-04-20
4110,539,36,25000,0,4,2025-08-07
4111,1889,11,90000,0,4,2025-06-28
4112,827,33,15000,3000,6,2025-09-29
4113,477,4,120000,0,4,2025-04-03
4114,765,7,65000,13000,12,2025-08-13
4115,652,5,90000,9000,6,2025-11-10
4116,1153,16,15000,0,3,2026-02-22
4117,1619,7,25000,5000,6,2025-05-28
4118,1087,1,40000,0,4,2025-08-07
4119,1705,13,8000,800,6,2025-02-06
4120,1131,30,120000,12000,6,2025-07-30
4121,1005,20,25000,2500,12,2025-08-18
4122,271,24,8000,800,12,2025-01-29
4123,206,1,8000,0,3,2025-09-13
4124,1790,40,90000,9000,6,2025-03-28
4125,894,40,120000,24000,6,2025-01-03
4126,1713,12,8000,800,6,2025-02-10
4127,249,28,25000,5000,12,2025-10-30
4128,1991,11,25000,0,3,2025-06-11
4129,1304,34,120000,0,4,2025-06-16
4130,858,14,25000,0,3,2025-03-14
4131,589,33,90000,18000,6,2025-03-01
4132,1261,9,8000,0,3,2025-07-25
4133,630,34,90000,18000,6,2026-03-02
4134,1887,20,8000,0,3,2025-11-11
4135,358,37,40000,8000,6,2025-08-02
4136,850,20,90000,9000,6,2026-02-10
4137,1469,8,25000,5000,6,2025-07-28
4138,1302,12,65000,6500,12,2025-08-27
4139,1574,39,120000,0,4,2025-09-13
4140,388,2,25000,0,3,2025-11-18
4141,1550,37,40000,8000,6,2025-04-30
4142,448,23,25000,0,3,2026-02-09
4143,622,39,25000,5000,6,2026-02-22
4144,150,40,15000,3000,6,2025-04-14
4145,1304,25,120000,12000,12,2026-01-19
4146,734,35,8000,0,3,2025-10-08
4147,771,13,120000,0,3,2025-10-23
4148,248,24,40000,4000,12,2025-07-08
4149,1134,1,90000,9000,6,2025-08-17
4150,1424,7,90000,0,3,2025-08-02
4151,566,7,65000,6500,6,2025-11-02
4152,1497,25,40000,0,4,2026-02-11
4153,1452,9,40000,0,4,2025-07-31
4154,505,36,25000,5000,6,2025-09-30
4155,1673,39,25000,0,4,2025-11-30
4156,55,18,90000,0,4,2025-06-26
4157,243,8,65000,13000,12,2025-11-22
4158,788,9,90000,18000,12,2025-08-14
4159,1763,12,65000,0,4,2025-04-11
4160,217,12,40000,0,3,2026-02-26
4161,252,15,90000,9000,6,2025-09-29
4162,748,36,90000,0,3,2025-05-02
4163,696,28,25000,0,3,2025-03-05
4164,938,5,40000,0,3,2025-10-08
4165,1103,12,25000,0,4,2025-01-29
4166,1379,13,25000,0,3,2026-02-07
4167,1912,36,90000,9000,12,2025-01-01
4168,1764,23,90000,18000,12,2025-01-25
4169,640,2,25000,5000,6,2025-02-14
4170,348,15,40000,0,3,2026-01-20
4171,876,23,65000,0,3,2025-03-16
4172,1638,40,120000,0,3,2026-01-12
4173,1953,18,25000,0,4,2025-09-19
4174,1669,29,25000,0,4,2025-11-27
4175,1778,7,120000,0,4,2025-08-04
4176,455,16,15000,0,4,2026-01-23
4177,828,4,25000,5000,6,2026-01-12
4178,1918,25,40000,0,3,2025-08-07
4179,1943,4,15000,1500,6,2025-12-31
4180,1773,7,25000,5000,6,2026-01-26
4181,1055,14,65000,13000,6,2025-04-11
4182,794,14,65000,6500,6,2025-01-04
4183,1145,7,65000,6500,12,2025-09-17
4184,211,33,40000,0,3,2025-08-22
4185,1223,6,15000,0,4,2025-07-30
4186,999,32,25000,0,3,2025-08-12
4187,237,16,65000,0,3,2025-05-29
4188,702,40,120000,0,4,2026-02-06
4189,657,28,120000,12000,12,2025-02-17
4190,847,12,90000,0,3,2025-10-01
4191,49,13,120000,0,4,2025-04-30
4192,668,29,40000,8000,12,2025-10-31
4193,217,9,65000,0,3,2025-11-11
4194,1843,23,120000,0,3,2025-05-24
4195,111,35,40000,0,4,2025-12-07
4196,1118,32,90000,0,3,2025-12-20
4197,178,11,15000,0,4,2025-02-10
4198,1591,30,40000,0,4,2025-01-14
4199,1945,3,40000,0,3,2025-07-07
4200,770,29,15000,0,3,2025-11-07
4201,69,36,120000,0,3,2025-06-09
4202,1848,1,15000,0,3,2025-09-24
4203,978,8,90000,9000,12,2025-06-21
4204,1726,33,25000,0,3,2025-12-26
4205,717,33,65000,13000,12,2025-09-27
4206,1907,25,8000,800,12,2025-08-02
4207,469,12,8000,0,3,2025-03-16
4208,536,7,25000,0,3,2025-01-26
4209,443,22,120000,0,3,2025-02-18
4210,1459,37,8000,0,3,2025-08-12
4211,1547,38,90000,9000,12,2026-02-07
4212,1423,37,8000,0,3,2025-07-23
4213,687,20,90000,0,3,2025-02-28
4214,706,13,15000,0,3,2026-01-05
4215,1783,4,8000,0,3,2025-05-06
4216,1388,29,25000,0,3,2025-03-31
4217,159,14,15000,0,3,2026-01-06
4218,1643,33,90000,9000,6,2025-05-30
4219,1491,10,120000,0,4,2025-11-07
4220,1110,9,15000,3000,6,2025-09-11
4221,295,18,8000,0,3,2025-05-01
4222,189,40,40000,0,4,2025-11-15
4223,869,21,40000,0,3,2025-06-29
4224,905,33,120000,0,3,2026-03-04
4225,365,5,40000,0,3,2025-12-13
4226,1364,32,90000,9000,6,2025-07-14
4227,690,12,25000,0,4,2026-01-13
4228,1026,3,65000,13000,12,2025-04-23
4229,342,25,90000,9000,12,2025-04-18
4230,440,1,90000,18000,6,2025-12-28
4231,355,23,15000,0,3,2025-04-24
4232,864,26,15000,0,3,2025-02-08
4233,758,29,25000,0,4,2025-10-20
4234,1007,29,15000,0,4,2025-04-01
4235,296,17,8000,0,3,2025-02-05
4236,1225,39,40000,4000,12,2025-11-19
4237,1130,26,40000,4000,12,2026-02-24
4238,1866,25,120000,12000,6,2025-10-13
4239,1501,24,65000,6500,6,2025-09-03
4240,1218,40,25000,0,3,2025-04-17
4241,837,28,90000,0,3,2025-03-20
4242,1652,35,40000,8000,6,2025-07-26
4243,543,28,90000,18000,12,2025-07-03
4244,1453,16,8000,0,3,2025-07-18
4245,223,34,40000,0,4,2025-04-07
4246,44,26,15000,3000,12,2025-04-19
4247,1133,20,8000,800,6,2025-01-18
4248,1321,21,90000,0,4,2026-02-06
4249,707,39,65000,6500,6,2025-06-08
4250,206,4,25000,5000,12,2026-03-07
4251,1783,25,15000,3000,6,2025-03-24
4252,279,30,40000,0,3,2025-03-17
4253,1565,28,120000,24000,12,2026-02-17
4254,1330,39,15000,3000,12,2025-07-03
4255,1901,37,25000,5000,12,2025-06-28
4256,573,6,25000,5000,12,2025-02-19
4257,716,28,8000,800,6,2025-10-28
4258,1655,9,120000,0,3,2025-11-30
4259,131,30,120000,12000,12,2025-12-27
4260,277,33,65000,13000,6,2025-03-09
4261,97,21,8000,1600,12,2025-03-15
4262,1123,18,65000,0,3,2025-11-10
4263,1275,12,25000,2500,6,2025-06-30
4264,314,15,25000,5000,6,2025-01-19
4265,284,15,120000,0,3,2025-01-06
4266,1713,4,25000,5000,6,2025-11-18
4267,993,35,40000,8000,6,2025-12-23
4268,1795,37,15000,1500,6,2025-05-17
4269,1214,8,120000,0,3,2026-02-18
4270,384,17,120000,0,4,2026-01-27
4271,268,28,120000,12000,12,2025-02-08
4272,1006,35,15000,0,3,2025-07-09
4273,1512,12,15000,0,3,2025-07-17
4274,848,35,25000,5000,6,2025-08-02
4275,1772,4,40000,0,4,2025-06-17
4276,1147,4,65000,0,3,2025-08-21
4277,712,8,25000,2500,12,2026-02-14
4278,73,1,8000,800,6,2025-05-10
4279,595,21,65000,13000,12,2025-08-08
4280,577,9,15000,0,4,2025-12-06
4281,1046,20,40000,0,4,2025-07-15
4282,828,14,15000,1500,12,2025-07-17
4283,1938,29,120000,0,3,2025-02-28
4284,629,30,15000,0,4,2025-09-01
4285,989,25,120000,12000,12,2025-04-27
4286,1250,31,8000,800,6,2025-05-21
4287,789,8,40000,4000,12,2025-08-13
4288,593,7,8000,800,12,2025-06-10
4289,624,20,65000,0,3,2025-05-09
4290,1678,24,8000,0,3,2025-04-02
4291,157,23,8000,1600,6,2025-12-11
4292,413,18,65000,0,3,2026-01-06
4293,987,7,65000,0,4,2025-02-26
4294,573,38,25000,0,3,2025-10-26
4295,786,36,40000,0,3,2025-10-05
4296,1833,34,25000,0,3,2025-10-01
4297,401,2,15000,1500,6,2025-09-29
4298,484,2,25000,0,3,2025-05-09
4299,1381,40,90000,0,3,2025-07-03
4300,364,32,8000,0,3,2025-04-19
4301,341,14,40000,0,3,2026-02-18
4302,300,25,25000,0,3,2025-01-31
4303,432,21,15000,0,4,2025-08-26
4304,1978,23,15000,0,3,2025-10-29
4305,1387,23,8000,0,3,2025-07-09
4306,1465,2,8000,800,6,2025-08-04
4307,235,25,25000,0,3,2025-02-15
4308,1469,4,25000,5000,6,2025-08-11
4309,1106,37,40000,0,3,2025-01-22
4310,1102,39,25000,2500,6,2025-04-15
4311,1777,32,40000,0,4,2025-11-25
4312,210,11,25000,0,4,2025-07-23
4313,711,30,40000,8000,6,2025-08-08
4314,1313,17,120000,0,3,2025-07-02
4315,591,22,120000,0,4,2026-02-27
4316,742,10,15000,1500,12,2025-09-24
4317,1394,19,40000,0,3,2025-02-02
4318,1991,17,90000,9000,12,2025-09-30
4319,368,7,8000,0,3,2026-02-24
4320,1762,27,15000,0,3,2025-02-24
4321,1867,17,65000,0,4,2025-03-20
4322,234,19,90000,0,3,2026-01-16
4323,547,21,90000,0,3,2025-06-22
4324,1569,6,65000,6500,12,2025-09-10
4325,1625,18,25000,0,4,2025-04-08
4326,178,3,90000,9000,12,2026-02-26
4327,726,19,15000,1500,12,2025-04-01
4328,30,40,90000,9000,12,2025-01-12
4329,797,8,120000,24000,6,2025-10-15
4330,1013,21,25000,0,3,2025-07-05
4331,416,11,25000,0,3,2025-04-18
4332,1658,35,40000,8000,12,2025-07-29
4333,1726,30,65000,0,4,2025-12-25
4334,725,29,8000,0,4,2025-02-10
4335,85,36,25000,5000,12,2025-08-25
4336,1576,22,65000,0,4,2025-05-15
4337,1317,1,40000,0,3,2025-01-24
4338,650,8,90000,9000,12,2025-01-25
4339,1988,39,25000,0,3,2025-11-19
4340,1647,27,15000,0,3,2025-02-06
4341,585,22,15000,1500,12,2025-12-19
4342,284,24,25000,0,4,2025-08-21
4343,40,37,120000,12000,6,2026-02-11
4344,1240,32,15000,1500,12,2025-05-13
4345,4,35,15000,3000,6,2025-04-15
4346,407,30,120000,0,4,2025-04-03
4347,690,25,15000,0,3,2025-01-04
4348,391,16,25000,0,3,2026-01-26
4349,1105,20,65000,0,4,2025-04-27
4350,37,38,25000,0,3,2025-07-08
4351,506,5,65000,0,3,2025-12-21
4352,1017,6,90000,18000,6,2026-02-24
4353,346,12,25000,0,4,2026-01-18
4354,1048,21,15000,0,4,2025-12-18
4355,1126,16,40000,8000,6,2025-07-01
4356,14,28,40000,0,4,2025-12-16
4357,632,17,8000,0,3,2025-05-24
4358,819,13,8000,0,3,2025-06-21
4359,210,2,8000,0,4,2025-10-20
4360,343,30,40000,0,4,2026-02-25
4361,416,25,25000,0,4,2025-12-17
4362,792,39,40000,0,3,2025-07-19
4363,452,9,15000,0,3,2025-12-20
4364,248,39,15000,3000,6,2025-01-01
4365,866,8,90000,18000,6,2025-06-07
4366,1722,11,120000,12000,6,2025-01-15
4367,784,5,8000,1600,12,2026-01-21
4368,1866,36,65000,0,3,2025-09-28
4369,585,31,8000,0,3,2025-04-08
4370,51,9,15000,1500,6,2025-01-26
4371,404,3,15000,0,3,2025-08-26
4372,139,7,15000,3000,12,2025-04-24
4373,374,9,8000,1600,12,2025-07-20
4374,1680,2,40000,0,3,2025-01-13
4375,1204,33,65000,6500,12,2026-02-19
4376,1061,18,8000,0,3,2025-04-17
4377,1546,5,65000,6500,12,2025-02-13
4378,904,7,15000,0,3,2025-05-25
4379,2000,17,65000,0,4,2025-12-28
4380,560,4,15000,1500,6,2025-10-31
4381,1004,1,8000,0,3,2025-09-17
4382,975,27,8000,0,3,2025-02-09
4383,1472,21,25000,0,3,2025-11-04
4384,645,32,40000,0,3,2026-02-15
4385,1464,28,120000,0,4,2026-02-08
4386,1623,7,90000,9000,12,2025-03-29
4387,392,24,8000,0,3,2025-07-16
4388,200,18,65000,0,3,2025-09-19
4389,1664,6,40000,0,3,2025-06-22
4390,814,36,40000,0,3,2025-03-15
4391,1117,5,120000,12000,6,2025-09-20
4392,1328,17,8000,0,3,2025-06-28
4393,442,8,15000,0,3,2025-09-22
4394,1702,20,120000,0,3,2025-11-19
4395,1091,38,40000,8000,12,2025-06-08
4396,530,7,8000,0,3,2025-07-04
4397,54,29,8000,0,3,2025-11-19
4398,795,26,40000,0,3,2025-01-03
4399,1631,2,90000,9000,12,2026-02-12
4400,1238,9,40000,8000,12,2025-10-01
4401,170,15,40000,0,3,2026-01-23
4402,836,1,8000,800,12,2025-03-20
4403,498,29,120000,24000,12,2025-08-05
4404,796,23,40000,0,4,2026-03-02
4405,195,22,40000,8000,6,2025-07-22
4406,1419,22,8000,800,12,2025-01-10
4407,58,16,8000,0,4,2025-08-04
4408,1540,1,40000,4000,12,2025-09-16
4409,449,38,90000,0,3,2025-02-03
4410,507,32,8000,0,3,2025-05-24
4411,218,20,90000,9000,12,2026-03-03
4412,1251,21,90000,9000,12,2025-01-20
4413,780,9,120000,12000,12,2025-09-29
4414,1467,37,15000,3000,12,2025-06-12
4415,73,24,15000,3000,6,2026-03-03
4416,1114,35,120000,12000,12,2025-06-01
4417,612,11,90000,0,3,2026-03-06
4418,1917,20,15000,1500,12,2026-01-18
4419,987,15,40000,0,3,2025-04-21
4420,635,26,120000,0,4,2025-06-13
4421,607,39,8000,1600,12,2026-01-18
4422,1174,40,40000,4000,12,2026-02-05
4423,442,23,8000,0,3,2025-03-02
4424,142,4,40000,0,3,2025-12-21
4425,766,2,40000,8000,12,2025-06-27
4426,1108,37,40000,0,4,2025-02-28
4427,1525,15,8000,0,3,2025-08-24
4428,313,18,8000,0,3,2025-04-05
4429,862,32,40000,8000,6,2025-11-28
4430,1035,19,8000,0,4,2025-05-22
4431,896,23,120000,0,4,2025-09-01
4432,568,9,8000,800,12,2025-07-07
4433,1128,30,8000,0,3,2025-06-17
4434,583,36,8000,0,4,2025-11-18
4435,1197,29,120000,0,3,2025-07-28
4436,1747,12,65000,13000,12,2025-02-04
4437,296,5,25000,2500,6,2025-10-01
4438,477,6,8000,0,4,2026-01-31
4439,1277,4,65000,13000,12,2025-11-18
4440,1013,1,120000,0,3,2026-02-06
4441,1838,22,8000,0,3,2025-08-26
4442,539,25,8000,0,3,2025-06-07
4443,1472,32,90000,18000,12,2025-12-19
4444,1635,30,15000,0,3,2026-02-22
4445,294,6,8000,0,3,2025-09-14
4446,1671,22,90000,0,4,2025-08-15
4447,469,39,65000,0,3,2025-03-18
4448,852,25,90000,0,3,2026-02-26
4449,1074,18,65000,0,3,2025-10-28
4450,1046,18,120000,24000,6,2025-10-23
4451,532,20,90000,0,3,2025-01-28
4452,1905,2,8000,1600,6,2025-11-05
4453,1029,35,40000,0,4,2025-05-29
4454,169,10,25000,2500,6,2026-01-24
4455,1207,34,15000,1500,12,2025-10-27
4456,1465,25,25000,0,3,2025-06-16
4457,1021,31,8000,1600,12,2025-01-05
4458,1957,17,15000,3000,6,2025-05-03
4459,288,14,120000,0,3,2026-02-23
4460,484,4,90000,18000,6,2025-08-17
4461,284,18,65000,6500,6,2025-11-05
4462,1412,14,65000,0,3,2026-01-12
4463,958,2,120000,0,4,2026-02-02
4464,1724,20,65000,0,3,2026-03-02
4465,143,7,90000,18000,12,2025-06-16
4466,1172,18,65000,6500,6,2025-06-12
4467,1137,23,120000,0,4,2025-04-09
4468,71,12,15000,3000,6,2025-12-15
4469,482,36,8000,0,3,2026-01-17
4470,1166,32,40000,8000,6,2025-05-08
4471,708,27,90000,0,3,2025-12-05
4472,1808,33,8000,0,3,2025-02-07
4473,367,9,120000,0,3,2025-10-03
4474,1110,38,15000,0,3,2026-01-19
4475,597,28,65000,6500,12,2025-09-28
4476,1575,8,65000,0,3,2025-10-17
4477,1508,26,25000,0,3,2025-08-03
4478,953,13,8000,0,3,2026-02-03
4479,1843,22,15000,0,4,2025-01-28
4480,317,18,90000,0,4,2025-12-20
4481,776,30,40000,8000,12,2025-06-03
4482,392,29,40000,0,4,2026-01-25
4483,391,12,65000,0,3,2025-05-04
4484,1316,10,120000,0,3,2025-08-07
4485,702,18,8000,0,3,2025-06-18
4486,87,4,120000,12000,6,2025-08-04
4487,1282,14,15000,1500,12,2026-01-21
4488,1987,23,8000,0,4,2025-04-26
4489,944,22,120000,0,4,2025-09-13
4490,563,17,90000,18000,12,2025-01-28
4491,662,30,40000,0,4,2025-03-24
4492,97,28,8000,0,3,2025-12-05
4493,170,12,120000,24000,12,2025-05-31
4494,238,33,8000,0,4,2025-12-22
4495,174,36,120000,0,3,2025-07-26
4496,624,15,25000,5000,12,2025-09-04
4497,1186,7,90000,18000,12,2025-09-14
4498,1368,11,65000,13000,6,2026-02-13
4499,1638,23,8000,0,3,2025-01-28
4500,1525,19,15000,0,4,2025-11-17
4501,1887,6,65000,0,3,2025-10-13
4502,591,4,120000,12000,6,2025-08-20
4503,245,1,40000,4000,6,2025-02-14
4504,655,30,40000,0,4,2025-02-03
4505,37,4,25000,2500,12,2025-09-15
4506,224,23,120000,12000,12,2026-03-04
4507,1322,29,25000,0,3,2025-05-17
4508,874,36,65000,0,4,2025-02-08
4509,634,32,25000,5000,12,2025-07-23
4510,1113,5,65000,13000,6,2025-03-04
4511,1383,33,90000,0,3,2025-08-20
4512,1898,35,120000,0,4,2025-08-22
4513,988,14,40000,8000,6,2025-11-04
4514,1343,16,15000,0,3,2025-09-26
4515,1416,6,40000,0,4,2025-05-23
4516,915,16,25000,2500,6,2026-02-22
4517,278,5,8000,800,6,2025-03-21
4518,1206,23,120000,0,3,2026-01-01
4519,1021,3,65000,6500,12,2025-01-29
4520,1829,30,120000,24000,6,2025-10-16
4521,1698,38,65000,0,4,2025-11-09
4522,1987,40,120000,0,3,2026-03-02
4523,23,33,15000,0,4,2025-08-22
4524,1736,7,15000,0,3,2026-01-01
4525,1047,30,8000,800,12,2025-02-01
4526,642,3,65000,6500,6,2025-10-12
4527,1867,6,8000,1600,6,2025-06-01
4528,1913,22,120000,0,3,2025-05-07
4529,715,27,65000,0,3,2026-01-17
4530,1465,20,15000,3000,12,2025-04-13
4531,474,26,8000,1600,6,2025-10-18
4532,1684,14,90000,0,3,2025-09-17
4533,1122,28,120000,0,4,2025-05-21
4534,1370,17,65000,0,3,2025-01-13
4535,1226,10,40000,0,3,2025-01-21
4536,297,30,120000,0,3,2025-02-20
4537,1542,16,120000,0,4,2026-01-28
4538,1326,2,120000,0,3,2025-10-22
4539,1350,16,65000,0,3,2025-05-03
4540,1785,36,15000,0,3,2025-10-26
4541,1451,19,120000,12000,12,2025-12-22
4542,1050,14,120000,12000,12,2025-05-03
4543,195,31,40000,4000,12,2025-01-05
4544,1458,35,40000,0,3,2025-06-30
4545,1580,18,120000,0,3,2025-12-24
4546,185,28,120000,24000,6,2025-05-17
4547,820,13,15000,0,3,2025-10-08
4548,1319,29,40000,0,4,2025-09-25
4549,1754,28,25000,0,3,2025-03-12
4550,214,19,25000,0,4,2025-03-23
4551,569,17,65000,0,3,2025-06-27
4552,551,5,15000,0,4,2025-06-09
4553,362,38,25000,0,3,2026-01-22
4554,569,24,25000,2500,12,2026-03-04
4555,1469,35,25000,2500,6,2026-02-19
4556,213,28,25000,0,3,2025-04-02
4557,256,17,90000,18000,6,2025-04-10
4558,353,34,8000,0,4,2025-08-08
4559,1762,36,15000,0,3,2025-10-09
4560,1217,33,65000,0,3,2025-11-25
4561,730,12,120000,0,3,2025-10-25
4562,1391,17,90000,0,4,2025-04-11
4563,1204,38,120000,12000,12,2025-09-08
4564,476,12,120000,0,3,2025-08-09
4565,26,15,40000,4000,6,2025-11-29
4566,602,25,25000,0,3,2025-10-05
4567,240,23,8000,1600,12,2025-12-12
4568,765,38,120000,12000,6,2025-02-22
4569,1257,2,90000,0,4,2025-03-06
4570,552,15,90000,0,3,2025-09-24
4571,1925,12,25000,0,4,2025-02-08
4572,900,32,65000,0,4,2026-02-08
4573,1849,23,15000,1500,6,2025-04-07
4574,764,21,120000,0,3,2025-06-23
4575,1366,15,8000,0,4,2026-02-23
4576,1758,8,25000,0,3,2025-06-25
4577,241,31,90000,18000,12,2025-06-16
4578,1434,6,90000,0,3,2026-01-27
4579,1138,11,40000,0,3,2025-01-03
4580,1977,37,25000,0,4,2025-07-16
4581,1759,21,90000,0,4,2025-09-14
4582,1828,14,65000,0,3,2025-10-24
4583,102,34,65000,0,4,2025-05-26
4584,386,13,65000,0,3,2025-11-05
4585,1562,16,25000,0,3,2025-07-17
4586,1343,28,65000,6500,12,2025-06-22
4587,1240,11,120000,0,4,2026-02-16
4588,1187,18,40000,0,4,2026-01-06
4589,1502,22,25000,5000,6,2025-09-26
4590,15,31,65000,6500,12,2025-09-22
4591,951,28,120000,12000,12,2025-11-18
4592,1808,24,40000,0,3,2025-08-26
4593,797,30,15000,0,4,2025-06-09
4594,1806,27,25000,5000,12,2026-02-16
4595,1634,29,65000,0,4,2025-06-29
4596,1988,5,65000,6500,12,2025-05-11
4597,1130,40,25000,0,3,2025-08-04
4598,731,10,40000,8000,6,2025-07-26
4599,19,26,65000,13000,12,2025-09-04
4600,1384,40,25000,0,3,2025-04-25
4601,1565,27,40000,0,3,2025-03-16
4602,174,30,40000,0,3,2025-04-03
4603,1716,14,25000,2500,12,2025-06-25
4604,1319,4,120000,0,3,2025-11-27
4605,1504,20,120000,24000,6,2026-03-01
4606,1428,33,25000,5000,6,2025-02-09
4607,1112,16,65000,0,4,2026-02-02
4608,519,24,120000,24000,12,2025-03-18
4609,956,1,65000,6500,12,2026-01-24
4610,1116,35,15000,0,3,2025-02-21
4611,1215,20,8000,800,6,2025-11-30
4612,842,29,25000,0,3,2025-03-19
4613,468,20,15000,0,3,2026-01-19
4614,780,23,40000,0,4,2025-11-20
4615,366,9,15000,0,4,2025-03-08
4616,1356,13,15000,0,3,2025-06-09
4617,1880,5,90000,0,3,2025-11-17
4618,1486,4,120000,12000,12,2025-01-05
4619,64,17,65000,0,3,2025-01-21
4620,1199,22,8000,0,4,2025-11-28
4621,432,31,15000,3000,12,2025-01-11
4622,1008,27,65000,6500,12,2025-09-28
4623,525,28,65000,0,3,2025-10-11
4624,531,30,90000,0,3,2025-06-25
4625,1391,30,90000,18000,12,2025-01-18
4626,617,22,25000,5000,6,2025-09-26
4627,983,5,90000,0,3,2025-07-14
4628,1610,19,15000,3000,6,2025-10-01
4629,1836,22,90000,0,3,2025-07-07
4630,1688,27,120000,0,3,2025-03-30
4631,494,40,90000,9000,6,2025-11-14
4632,1984,14,40000,0,4,2026-01-01
4633,1810,21,120000,0,3,2025-09-19
4634,744,3,25000,0,3,2025-06-14
4635,849,9,8000,0,4,2025-12-17
4636,1383,30,40000,4000,6,2025-02-06
4637,171,18,40000,0,4,2025-07-05
4638,789,14,25000,0,4,2025-02-05
4639,183,9,120000,0,3,2025-06-20
4640,162,9,8000,0,3,2025-10-14
4641,49,37,65000,6500,12,2025-10-11
4642,1680,26,65000,6500,6,2026-02-05
4643,1401,2,25000,0,3,2025-08-18
4644,1189,27,90000,0,4,2025-06-17
4645,681,13,15000,0,4,2025-02-16
4646,953,4,40000,4000,6,2025-05-13
4647,1055,12,8000,0,4,2025-11-19
4648,768,21,8000,0,4,2025-04-03
4649,2,10,25000,0,4,2026-02-28
4650,1490,26,120000,0,3,2025-09-25
4651,1796,25,15000,3000,12,2025-10-24
4652,644,12,15000,0,3,2026-01-11
4653,1337,29,8000,800,6,2026-01-27
4654,1816,29,120000,0,3,2026-02-16
4655,97,17,65000,6500,12,2026-01-11
4656,1071,19,25000,5000,12,2026-02-27
4657,1000,37,8000,1600,12,2025-05-14
4658,1432,31,8000,0,4,2025-12-12
4659,625,7,120000,12000,12,2025-08-30
4660,1880,27,120000,24000,6,2025-05-04
4661,814,5,25000,0,3,2025-07-13
4662,1204,24,65000,0,4,2026-02-17
4663,617,32,40000,8000,12,2025-03-02
4664,1421,8,90000,9000,12,2025-03-26
4665,642,31,90000,9000,12,2025-05-13
4666,1043,2,40000,0,3,2026-02-04
4667,919,18,90000,0,4,2025-09-22
4668,1391,30,15000,0,4,2025-05-21
4669,1888,1,65000,0,3,2025-08-12
4670,1436,8,120000,0,3,2025-03-09
4671,1696,20,15000,0,3,2025-12-21
4672,1791,3,40000,0,4,2025-10-26
4673,1959,9,120000,12000,12,2025-12-25
4674,1266,19,40000,8000,12,2025-12-04
4675,1835,35,8000,800,6,2025-11-23
4676,1217,31,90000,0,3,2025-12-16
4677,1294,21,25000,5000,6,2025-11-17
4678,817,40,65000,0,3,2025-09-21
4679,341,32,15000,0,3,2026-01-03
4680,1057,14,8000,800,6,2025-05-18
4681,362,33,15000,0,3,2025-12-18
4682,167,3,65000,13000,12,2025-03-03
4683,1691,20,90000,0,4,2025-06-26
4684,1057,40,8000,0,4,2026-01-01
4685,1257,29,90000,0,4,2025-03-31
4686,1605,29,8000,800,12,2025-11-28
4687,1956,28,40000,4000,6,2025-11-24
4688,959,15,90000,0,4,2025-02-17
4689,378,16,65000,0,3,2026-01-28
4690,1391,30,65000,0,4,2025-08-12
4691,945,39,90000,0,3,2025-03-20
4692,325,11,120000,24000,12,2025-10-22
4693,131,8,8000,800,6,2025-01-28
4694,230,3,15000,0,4,2025-09-03
4695,1609,32,65000,6500,12,2025-12-21
4696,449,1,120000,12000,12,2025-05-27
4697,1044,1,120000,0,3,2025-01-29
4698,904,15,120000,0,3,2025-02-23
4699,1580,40,65000,6500,12,2025-10-10
4700,432,37,15000,3000,12,2025-09-25
4701,1871,37,65000,0,3,2025-07-18
4702,1735,17,90000,18000,6,2025-08-28
4703,1370,11,25000,0,4,2025-02-24
4704,1033,3,8000,0,3,2025-04-28
4705,34,9,120000,0,3,2025-03-31
4706,325,8,120000,0,4,2025-12-20
4707,1436,18,120000,0,3,2025-02-05
4708,856,30,65000,0,3,2025-04-30
4709,1339,37,40000,4000,6,2025-08-27
4710,1308,29,90000,0,4,2025-07-21
4711,1601,39,90000,18000,12,2025-12-20
4712,798,2,40000,4000,6,2026-01-26
4713,1993,8,120000,12000,6,2025-09-04
4714,426,12,65000,6500,6,2025-10-28
4715,1329,19,120000,0,4,2025-09-01
4716,1453,39,15000,3000,6,2025-09-04
4717,1143,25,8000,1600,6,2025-06-09
4718,392,29,40000,4000,12,2025-08-30
4719,648,36,15000,1500,6,2025-02-12
4720,1245,13,90000,0,3,2026-03-05
4721,1634,35,15000,1500,6,2025-05-29
4722,503,12,8000,0,4,2025-01-30
4723,1868,30,40000,8000,6,2025-11-13
4724,1794,31,65000,6500,12,2025-01-26
4725,6,33,65000,0,3,2025-02-04
4726,187,37,120000,24000,12,2025-05-08
4727,338,9,40000,8000,12,2025-10-08
4728,1964,31,15000,0,3,2025-12-05
4729,507,1,90000,0,3,2025-06-11
4730,1980,29,120000,24000,6,2025-05-09
4731,1114,1,8000,800,6,2025-06-13
4732,348,40,15000,1500,6,2025-08-24
4733,1300,23,8000,0,4,2025-07-24
4734,1363,21,25000,0,3,2025-07-15
4735,1655,9,25000,2500,12,2025-11-24
4736,1799,33,90000,18000,6,2025-02-11
4737,1354,17,8000,800,6,2025-07-20
4738,1803,3,40000,0,3,2025-03-24
4739,1548,17,90000,0,3,2025-04-13
4740,1081,35,25000,0,3,2025-08-04
4741,399,31,120000,0,4,2025-09-16
4742,1278,26,90000,0,3,2025-09-21
4743,1621,12,25000,2500,6,2025-11-26
4744,1511,22,90000,0,4,2026-01-30
4745,1903,11,120000,0,3,2025-05-26
4746,873,24,90000,0,4,2025-02-06
4747,799,26,40000,0,3,2026-02-23
4748,55,3,40000,4000,12,2025-03-06
4749,674,35,15000,3000,6,2025-03-24
4750,1743,19,15000,0,4,2025-11-30
4751,426,17,40000,0,4,2025-08-08
4752,1,3,15000,1500,12,2025-01-11
4753,128,6,15000,0,4,2026-01-27
4754,1200,11,40000,0,4,2025-04-14
4755,592,9,40000,0,3,2025-03-01
4756,1565,31,120000,0,3,2025-02-26
4757,632,26,120000,0,4,2025-08-25
4758,934,36,25000,0,3,2026-01-16
4759,1755,21,15000,0,3,2025-04-15
4760,1715,32,15000,0,3,2025-07-13
4761,219,25,8000,0,4,2025-06-28
4762,1953,9,90000,9000,6,2025-11-09
4763,1343,2,25000,0,4,2025-07-04
4764,1813,22,25000,0,3,2025-03-08
4765,557,37,65000,13000,6,2026-02-01
4766,1579,5,25000,0,3,2025-05-14
4767,1715,28,8000,0,3,2025-08-20
4768,70,19,120000,0,3,2025-02-20
4769,1839,4,8000,0,3,2025-03-15
4770,1450,28,25000,0,4,2025-03-31
4771,1653,18,8000,0,4,2025-11-13
4772,440,39,120000,24000,6,2025-06-27
4773,291,16,90000,18000,12,2025-05-09
4774,1429,1,65000,0,3,2025-06-06
4775,742,22,15000,0,3,2025-08-25
4776,320,26,65000,0,3,2025-04-21
4777,623,34,40000,0,3,2025-01-30
4778,1835,27,8000,0,4,2025-01-02
4779,1515,19,8000,1600,12,2025-09-29
4780,444,14,120000,0,4,2025-05-22
4781,1494,34,8000,0,3,2025-12-23
4782,319,11,25000,5000,12,2025-07-11
4783,48,6,40000,0,4,2025-09-11
4784,1249,18,40000,0,4,2026-02-27
4785,358,13,8000,1600,12,2025-07-17
4786,363,17,15000,0,3,2025-11-15
4787,1884,32,15000,0,3,2026-01-22
4788,1294,20,40000,0,3,2026-01-10
4789,2000,35,120000,24000,6,2025-02-01
4790,708,36,65000,0,3,2025-11-15
4791,1081,7,40000,8000,12,2025-12-31
4792,49,21,8000,1600,6,2025-11-16
4793,1152,34,25000,2500,12,2025-09-10
4794,1687,6,40000,0,3,2025-10-31
4795,1328,17,120000,12000,6,2025-07-02
4796,1250,1,120000,24000,6,2025-11-16
4797,1455,29,120000,0,4,2025-11-06
4798,259,22,90000,9000,6,2026-02-22
4799,1763,20,8000,0,3,2026-02-20
4800,1988,6,25000,0,3,2025-12-31
4801,1579,5,40000,0,3,2026-03-07
4802,1095,14,8000,1600,12,2025-11-30
4803,599,29,15000,0,4,2025-02-18
4804,570,1,8000,0,4,2026-02-15
4805,1291,38,65000,6500,6,2025-11-29
4806,1133,1,120000,24000,12,2025-04-30
4807,1405,1,90000,18000,6,2025-08-16
4808,1539,19,40000,4000,12,2025-04-01
4809,1483,18,40000,0,3,2025-01-08
4810,343,22,90000,18000,12,2025-12-16
4811,1159,30,90000,0,4,2025-04-18
4812,690,2,25000,0,3,2025-03-24
4813,395,15,90000,9000,6,2025-05-14
4814,288,11,40000,8000,6,2025-09-28
4815,1356,18,15000,0,3,2025-11-21
4816,1312,14,120000,24000,12,2025-12-14
4817,1113,13,90000,9000,6,2025-06-10
4818,1263,5,65000,0,4,2026-01-10
4819,602,21,90000,0,4,2025-12-30
4820,1191,20,15000,3000,6,2025-09-12
4821,500,20,40000,0,3,2025-08-03
4822,777,33,25000,0,3,2025-06-23
4823,1366,37,25000,0,4,2026-01-23
4824,196,12,40000,0,4,2025-09-10
4825,714,7,25000,0,3,2025-08-23
4826,453,20,15000,1500,12,2025-07-31
4827,917,27,25000,5000,12,2025-01-19
4828,1191,14,120000,24000,12,2025-09-06
4829,173,6,8000,800,12,2025-11-10
4830,1090,6,8000,800,6,2025-03-09
4831,1033,30,65000,6500,6,2026-01-21
4832,159,37,120000,0,4,2025-06-29
4833,638,9,15000,1500,6,2025-05-28
4834,1073,22,120000,0,3,2025-03-27
4835,1523,16,8000,0,3,2025-10-14
4836,76,2,65000,0,3,2025-10-12
4837,1821,10,120000,0,3,2025-01-19
4838,206,22,40000,0,3,2025-04-02
4839,1511,38,25000,0,3,2025-01-28
4840,1701,25,25000,0,3,2025-06-14
4841,1656,35,120000,24000,12,2025-10-19
4842,1167,25,15000,0,4,2025-03-18
4843,802,18,25000,0,3,2025-04-26
4844,119,21,15000,3000,12,2025-02-26
4845,1054,16,25000,5000,6,2025-03-02
4846,931,29,25000,5000,12,2025-09-15
4847,1791,40,40000,0,3,2025-11-25
4848,1607,35,8000,0,3,2026-01-10
4849,272,13,40000,0,4,2026-01-05
4850,1127,28,8000,800,6,2025-08-20
4851,620,21,25000,5000,6,2025-01-21
4852,428,40,90000,9000,12,2025-04-10
4853,1153,14,90000,18000,12,2025-06-04
4854,1208,40,15000,1500,12,2025-02-11
4855,102,31,65000,0,4,2025-12-05
4856,1789,27,15000,0,3,2025-10-03
4857,180,16,40000,4000,12,2026-01-31
4858,1934,26,40000,0,3,2026-01-19
4859,1821,27,25000,0,4,2025-11-07
4860,1355,10,90000,18000,12,2025-07-23
4861,471,10,40000,0,3,2025-01-04
4862,1641,3,40000,4000,12,2026-01-15
4863,995,19,25000,0,3,2025-03-19
4864,974,32,25000,5000,12,2025-09-14
4865,1902,16,40000,4000,12,2025-10-31
4866,1878,25,8000,0,3,2025-04-15
4867,1613,28,65000,13000,6,2025-02-03
4868,1483,2,40000,0,3,2025-10-16
4869,130,4,8000,0,4,2025-01-30
4870,199,8,40000,0,4,2025-01-25
4871,87,20,120000,12000,12,2025-03-19
4872,258,4,8000,0,4,2026-01-19
4873,1902,9,65000,13000,6,2025-10-14
4874,659,36,90000,0,3,2025-04-29
4875,58,10,40000,4000,6,2025-04-21
4876,1371,6,15000,3000,6,2025-08-12
4877,780,7,25000,0,3,2025-01-19
4878,1198,8,90000,0,4,2026-02-19
4879,1334,27,90000,0,4,2025-08-20
4880,445,3,120000,0,3,2025-05-20
4881,484,22,90000,18000,12,2025-07-04
4882,1777,4,40000,8000,12,2025-06-22
4883,812,21,120000,0,4,2025-04-05
4884,92,8,90000,0,3,2025-02-28
4885,922,29,8000,0,3,2025-05-21
4886,1589,8,8000,800,12,2026-01-12
4887,454,16,25000,0,4,2025-02-18
4888,1674,35,25000,0,3,2025-09-11
4889,68,9,90000,0,3,2025-01-12
4890,704,3,8000,800,12,2025-10-04
4891,1287,36,25000,0,3,2025-04-28
4892,1303,20,15000,0,3,2025-06-09
4893,1793,19,15000,0,4,2026-01-05
4894,12,23,90000,0,3,2025-11-13
4895,1665,23,120000,0,4,2025-01-03
4896,1138,8,25000,5000,12,2025-04-23
4897,466,2,65000,0,3,2025-03-15
4898,1317,20,8000,0,3,2025-02-16
4899,1745,27,15000,0,3,2025-08-12
4900,437,20,8000,0,4,2025-04-30
4901,1834,15,65000,0,3,2026-02-10
4902,1191,21,40000,0,3,2025-04-30
4903,1863,32,120000,0,3,2026-02-10
4904,1094,20,25000,0,3,2025-06-25
4905,1961,11,8000,0,3,2025-04-01
4906,1249,17,8000,0,4,2025-09-04
4907,703,36,40000,0,4,2025-03-23
4908,248,2,15000,0,3,2025-03-26
4909,519,16,25000,0,3,2026-02-23
4910,1851,38,90000,0,4,2025-09-07
4911,607,3,15000,0,3,2026-01-05
4912,720,17,15000,0,3,2025-02-18
4913,660,23,120000,0,4,2025-03-28
4914,949,30,8000,0,4,2025-05-16
4915,1268,28,120000,0,3,2025-03-15
4916,1216,1,25000,0,3,2025-11-24
4917,765,27,90000,18000,6,2025-06-12
4918,851,19,40000,0,3,2025-04-27
4919,201,19,8000,0,3,2025-09-11
4920,1245,22,120000,0,3,2025-11-29
4921,445,10,120000,24000,12,2026-01-30
4922,1399,19,40000,0,4,2025-05-25
4923,820,2,15000,0,3,2025-06-16
4924,1649,18,65000,13000,12,2026-03-03
4925,746,15,120000,12000,12,2025-09-01
4926,1905,27,65000,6500,12,2025-02-11
4927,715,38,90000,18000,6,2025-03-03
4928,700,15,120000,0,4,2025-01-13
4929,943,26,40000,0,3,2025-12-23
4930,80,3,8000,800,6,2025-12-04
4931,1769,27,15000,0,4,2026-01-22
4932,1520,25,120000,0,3,2025-10-11
4933,1902,4,90000,0,3,2025-06-18
4934,1650,1,120000,24000,6,2025-06-03
4935,1860,40,120000,12000,6,2025-07-18
4936,1696,28,90000,18000,6,2026-01-10
4937,38,29,40000,0,3,2025-05-03
4938,234,13,65000,0,4,2025-11-30
4939,1626,35,25000,0,3,2025-08-24
4940,254,34,40000,8000,12,2025-09-12
4941,1392,20,15000,0,3,2025-03-16
4942,190,31,40000,0,4,2025-12-23
4943,1994,32,120000,24000,6,2025-04-04
4944,52,40,90000,18000,12,2025-12-11
4945,918,29,65000,0,4,2025-10-22
4946,1949,4,25000,5000,12,2026-03-06
4947,1542,40,15000,0,3,2025-08-28
4948,941,39,15000,3000,12,2026-02-17
4949,1802,8,8000,800,6,2025-10-04
4950,108,12,40000,0,3,2025-07-25
4951,445,33,120000,0,3,2025-06-07
4952,1234,20,15000,0,3,2025-04-03
4953,1518,2,8000,0,3,2025-11-17
4954,1166,26,8000,0,3,2025-02-24
4955,911,25,25000,0,3,2025-12-22
4956,1697,39,25000,0,3,2025-11-05
4957,1386,32,65000,13000,6,2025-09-19
4958,1663,12,25000,0,3,2025-02-21
4959,849,39,65000,6500,12,2025-01-21
4960,869,35,90000,18000,6,2025-04-25
4961,1320,30,8000,0,3,2025-11-03
4962,682,5,90000,18000,12,2025-04-08
4963,525,13,25000,0,3,2025-01-16
4964,1685,17,120000,0,3,2025-03-05
4965,747,35,90000,18000,12,2025-01-18
4966,645,32,25000,5000,6,2025-11-27
4967,1771,6,40000,0,3,2025-02-05
4968,518,31,65000,6500,6,2026-01-09
4969,1450,3,90000,0,3,2025-06-17
4970,556,4,15000,1500,6,2025-08-18
4971,1870,7,15000,0,3,2025-07-16
4972,92,38,65000,6500,12,2025-03-09
4973,398,3,65000,0,4,2025-03-26
4974,1693,8,15000,3000,12,2025-03-05
4975,1096,29,90000,0,4,2025-04-11
4976,1914,27,120000,0,3,2025-09-29
4977,1427,39,8000,0,3,2025-03-05
4978,967,36,25000,5000,6,2025-02-26
4979,1295,35,15000,1500,12,2026-03-01
4980,1284,12,90000,0,4,2025-10-10
4981,662,17,8000,1600,12,2025-07-01
4982,1170,24,15000,1500,6,2025-01-20
4983,1022,13,120000,24000,6,2025-01-01
4984,289,37,8000,0,4,2025-08-18
4985,1919,29,90000,0,3,2025-02-21
4986,287,23,15000,0,3,2025-07-11
4987,996,18,8000,800,6,2026-01-24
4988,1326,33,25000,0,4,2025-11-30
4989,1390,5,8000,0,3,2025-12-24
4990,1390,38,15000,3000,6,2025-02-22
4991,916,13,120000,12000,6,2025-11-21
4992,19,19,120000,0,4,2025-12-12
4993,1956,28,65000,0,4,2025-08-16
4994,747,3,25000,0,4,2025-02-05
4995,708,25,40000,8000,6,2025-08-06
4996,833,33,25000,2500,12,2025-10-19
4997,1606,11,40000,0,3,2025-09-21
4998,183,20,40000,4000,6,2026-02-14
4999,487,10,120000,12000,12,2025-09-18
5000,1238,11,25000,2500,12,2025-03-22
